old_commit	new_commit
9b76a38f11e4aa6e8be4c10ae219838b1e997718	c69c645ae452d53f68ad928942f7d8d1c8b31bf7
57323b7b9e3396ddaec7df92f4dca50f4cd43055	e93991f072b5c9bbb397ceb4bbeb93e97cebb63f
1697fc9098a07a620d02fdd76635e986bfb6f43c	34a18626e3be6174ff55484572100007934f79dc
330fcc08f81acc80ea11fde13712db115eb405ec	ef2c79993d30283a27148ed0c4c401ceb5ff04b0
080b581cbd93a5b4d4f1f12bb6bd03b2edb7e3c7	089cb3563d7dfaef865e6956409b31b0ebc4c28f
f2c6366681b2903efdfbcbaa457a8ae43fb82866	2add2ceae57e40ba418ecc922e3a7d8bc95ef3b0
113222cf578d7f89cfaca6cd84465461cda08ee3	51aa7de00d90d979f2244e5d5bfd79db08e162ad
6b3e5338f97f79bcdf0ee51af89862986f1178b8	9708d7a55e9ebaa3081eb2420693706197a4c22f
b3b6858991ccdd3347bfee4679310bec783aa658	3808742e64d152c2acf7b48d12d8bce08c79922d
d64bffbed1b8cf0238ed7b023d0976794a3639bc	d4967e7b4646acce5a39b1d8b96b59e63ae78d09
ac4dff2e45ba18620f55165aec3cec49d994a347	f5e4505d9648e52c41ad24e13eb825f927274c44
caaf7276652ff914934eb60116177c52ea2fe7aa	57f45b72b7f90011883d6ca67003bd44a86c67e3
4a297f60ac8bb9d81484b74d456791d6fed6d38f	6c198f33648dfad7f7a90e0b8b8a74f289c805f8
e781062a73a6e3a21014bb6b3f6bb1988cdb65fa	a42ffa5499ffac16fe09a292addcd389e7dde1f3
a0d97c38245345a7528144149601e4175849a4de	3b6d7e1f4ad11219f757849a490a4a9c9d29b253
094106a6715a565cac891621aae23e6fde58da3b	465e1c20cb91b9a56b0542a38d9b799fc7ce3315
0872d4b98f941c33748c2131c518e94654559c95	17f506077f1b1c8a925f2ca21289fe4d250b32d2
78e966e3cfbbf801e43d82e1903ef015377cb66a	10a4d0e7e58c80cef1178340c011bcdc8e1e6f6c
1da10273cb77af377fa1f2534ce540c0341a3ac8	4a0c8ada2116f7cf007ca7c0187432419a8c5326
9a5f391ab7634fd3f9436d642fb365bf399c9a97	6509488e7c426c80e4252182e7415d114818a4a9
bb82dbdc6a9a17632208c399f2d365b73446896f	c05232894124e00c37c456f49b8d0b2c1f3be73f
f1355688aa6aaf6d572ef3f0808843bca2581b71	88d4e9d98c3c95ee9014e70588509de86c4e7c36
e71a926bc8de4ddd9a760a71a450eee2a72b94cc	c59a31ef2816a3af229fad6da1cac20537799a2f
4f33176f8c60f0c317b6832201355935d0d4f261	86ad07fabba433be7720fe7d44233ca8f799c770
36f40fba5a7b41e1fd4cdeb72632617dbba16255	712b732cd08ed7146f83ff268b5fac2498ce0cf2
a90d76236da048c24e1db9783f9c02fe1f44a21b	f258feef0919316166bc5d1ed2ffc7d40ac4fba2
58543f3e5221eead2af8fe635016b182bca01c79	f069f0f92ac7229be5c07d72356e4bbd1a5cca5f
efbe2e75d7351b9e065383b863cc04285416e754	41586eb0f8fef8c126e692e539aad2b0c2c165b2
1a1a689b73c858ad91f97370779fe2a86d1f8d25	3e5426da629dceecb3e0a72cc451a2355431caa5
5fbe194250432527bc8bc81ca72456e4c630e229	7c9bc0eb2ba6961f87f6561d72c015112e900bf2
c4ef9884bd66e7b211943d47ae9851e1c8aba776	723d1a0484190ae47691cae9fd2d2eb3fce1f2a8
0b49047a80c7998a1f9df2a3a443e10b869b99e2	95d342d810e95b9ae46cdb64efd535f3513464a5
7f6448ad1924d1813112059e1b11176287c4c7b7	b480e78da3bc7608ba9a62141437f56d40ca21b8
c2d511b4450e9049d95c01503cdd49b56f5de575	ae77cc1189fe1c1dcfe6cafcbde6ee40dd9c5c4a
b0dab36374340323e567e0f312ecf9b6ef5a3ac6	66247093f72c1b70f4bad99ae349b2b19a91773d
5f567397eb2db9104c64dc2556db9bcddf8234b0	9db4d061567d32545359b5870f18bf61caa9593f
03f482fbec99d87a94c6f14d7cfa6c6a9899c8ef	02db4f1a7963df87cc65bf8449d71e6de15dd7f2
29d6258de50a1c8e314931d77bce9b8497620de0	aeee6e0ee582031a1c64aaa833200f45f31756ca
718397410c92d51fd84e43b3e224677730a0cc11	0b34a95e33671ba625dbcf52924a0fe7565e8a0b
3b7df831938dfc83b527c467e68f272a8bd16249	5d401b535d3f880a621bdcfc6bf782a72a33ed20
0933086b7ffc1f6f51efe77a5eec16b5afe932c4	b5da1499773ee319b9cacb536f90e8a4cb34392f
e38102eb16345777e37ab9921d82e1af1f1ac1b2	d1043065af48f4622f9b350d4c3ccb5ae4756c87
0b99b4563d4856975d69e455e002548b32e1c2ba	f4e33b294e3b4e70bd26e1cf9c056717fe1b684a
74ba755a5a3ba12d8aac74a0fcdb92e386e0950d	60b344f4c4fed01d3881e737d82a3379c77fae0d
02fcce273ea3e73d1b2cf174fa1555ca9ea99f5e	dd66eab2cab4ca989a567d4b4c6f58b804b2cbc1
6c719d4be574901f243a53294c755c27dbfcf581	326cf0e5275ba96fd776df294151c4592eb59a8d
11b16eee3a06b24899c46fa24ce792361189937d	60518de21945f901c724c51af3dfbab5f48f8cdf
6e1906ccbf3535b6a34ea2b36128ad474876ba93	5a6648e310a1f30d6c7d31596140e8daea67338c
c62452570d1b0dd922b5d83ada3eedb0626d303e	2e2f5e4af2dba5f1be39b5b94b47cf6d2bea3786
78836f58fb1fdc31b3144cf7038f571b3f1f7947	c651037dadee3acfca2d56138608a61cc39464b0
63869a032b53009755d6bde000ded71406da304f	b4a72cfdca89c0fc2e51a75994e48122425a7465
5b85795e606f2048d954d5f5dbe07c6adec5a68d	cab2e61a0bdf7b64c0bfbf082da7df7a22c2720e
