size_bytes	path
2203	raw/openalex/W0A01/forward_page_0001.json
1763	raw/openalex/W0A01/resolve_anchor.json
14359	raw/openalex/W0A02/forward_page_0001.json
2102	raw/openalex/W0A02/resolve_anchor.json
3725	raw/openalex/W0A03/forward_page_0001.json
997	raw/openalex/W0A03/resolve_anchor.json
50976	raw/openalex/W0A04/forward_page_0001.json
51724	raw/openalex/W0A04/forward_page_0002.json
52541	raw/openalex/W0A04/forward_page_0003.json
53099	raw/openalex/W0A04/forward_page_0004.json
53570	raw/openalex/W0A04/forward_page_0005.json
52992	raw/openalex/W0A04/forward_page_0006.json
52211	raw/openalex/W0A04/forward_page_0007.json
53278	raw/openalex/W0A04/forward_page_0008.json
48559	raw/openalex/W0A04/forward_page_0009.json
48470	raw/openalex/W0A04/forward_page_0010.json
48898	raw/openalex/W0A04/forward_page_0011.json
49375	raw/openalex/W0A04/forward_page_0012.json
49919	raw/openalex/W0A04/forward_page_0013.json
44115	raw/openalex/W0A04/forward_page_0014.json
1628	raw/openalex/W0A04/resolve_anchor.json
50830	raw/openalex/W0A05/forward_page_0001.json
53414	raw/openalex/W0A05/forward_page_0002.json
50728	raw/openalex/W0A05/forward_page_0003.json
37127	raw/openalex/W0A05/forward_page_0004.json
1820	raw/openalex/W0A05/resolve_anchor.json
56752	raw/openalex/W0A06/forward_page_0001.json
57778	raw/openalex/W0A06/forward_page_0002.json
59180	raw/openalex/W0A06/forward_page_0003.json
59216	raw/openalex/W0A06/forward_page_0004.json
54433	raw/openalex/W0A06/forward_page_0005.json
53245	raw/openalex/W0A06/forward_page_0006.json
21458	raw/openalex/W0A06/forward_page_0007.json
918	raw/openalex/W0A06/resolve_anchor.json
50307	raw/openalex/W0A07/forward_page_0001.json
51090	raw/openalex/W0A07/forward_page_0002.json
51757	raw/openalex/W0A07/forward_page_0003.json
52304	raw/openalex/W0A07/forward_page_0004.json
52169	raw/openalex/W0A07/forward_page_0005.json
53135	raw/openalex/W0A07/forward_page_0006.json
53283	raw/openalex/W0A07/forward_page_0007.json
53585	raw/openalex/W0A07/forward_page_0008.json
54487	raw/openalex/W0A07/forward_page_0009.json
55055	raw/openalex/W0A07/forward_page_0010.json
54905	raw/openalex/W0A07/forward_page_0011.json
53327	raw/openalex/W0A07/forward_page_0012.json
53473	raw/openalex/W0A07/forward_page_0013.json
54225	raw/openalex/W0A07/forward_page_0014.json
53921	raw/openalex/W0A07/forward_page_0015.json
53924	raw/openalex/W0A07/forward_page_0016.json
54879	raw/openalex/W0A07/forward_page_0017.json
55589	raw/openalex/W0A07/forward_page_0018.json
55142	raw/openalex/W0A07/forward_page_0019.json
54198	raw/openalex/W0A07/forward_page_0020.json
53496	raw/openalex/W0A07/forward_page_0021.json
51980	raw/openalex/W0A07/forward_page_0022.json
53176	raw/openalex/W0A07/forward_page_0023.json
54594	raw/openalex/W0A07/forward_page_0024.json
54434	raw/openalex/W0A07/forward_page_0025.json
55063	raw/openalex/W0A07/forward_page_0026.json
54535	raw/openalex/W0A07/forward_page_0027.json
55300	raw/openalex/W0A07/forward_page_0028.json
54862	raw/openalex/W0A07/forward_page_0029.json
55460	raw/openalex/W0A07/forward_page_0030.json
55183	raw/openalex/W0A07/forward_page_0031.json
54739	raw/openalex/W0A07/forward_page_0032.json
55554	raw/openalex/W0A07/forward_page_0033.json
53279	raw/openalex/W0A07/forward_page_0034.json
55226	raw/openalex/W0A07/forward_page_0035.json
55298	raw/openalex/W0A07/forward_page_0036.json
54493	raw/openalex/W0A07/forward_page_0037.json
54782	raw/openalex/W0A07/forward_page_0038.json
54848	raw/openalex/W0A07/forward_page_0039.json
55011	raw/openalex/W0A07/forward_page_0040.json
54837	raw/openalex/W0A07/forward_page_0041.json
55673	raw/openalex/W0A07/forward_page_0042.json
54872	raw/openalex/W0A07/forward_page_0043.json
54420	raw/openalex/W0A07/forward_page_0044.json
54044	raw/openalex/W0A07/forward_page_0045.json
55583	raw/openalex/W0A07/forward_page_0046.json
54577	raw/openalex/W0A07/forward_page_0047.json
55713	raw/openalex/W0A07/forward_page_0048.json
54831	raw/openalex/W0A07/forward_page_0049.json
55123	raw/openalex/W0A07/forward_page_0050.json
54961	raw/openalex/W0A07/forward_page_0051.json
54705	raw/openalex/W0A07/forward_page_0052.json
53922	raw/openalex/W0A07/forward_page_0053.json
54004	raw/openalex/W0A07/forward_page_0054.json
53416	raw/openalex/W0A07/forward_page_0055.json
54981	raw/openalex/W0A07/forward_page_0056.json
54557	raw/openalex/W0A07/forward_page_0057.json
54789	raw/openalex/W0A07/forward_page_0058.json
54065	raw/openalex/W0A07/forward_page_0059.json
54514	raw/openalex/W0A07/forward_page_0060.json
54159	raw/openalex/W0A07/forward_page_0061.json
54716	raw/openalex/W0A07/forward_page_0062.json
55445	raw/openalex/W0A07/forward_page_0063.json
53471	raw/openalex/W0A07/forward_page_0064.json
54914	raw/openalex/W0A07/forward_page_0065.json
56330	raw/openalex/W0A07/forward_page_0066.json
56022	raw/openalex/W0A07/forward_page_0067.json
55650	raw/openalex/W0A07/forward_page_0068.json
55472	raw/openalex/W0A07/forward_page_0069.json
56342	raw/openalex/W0A07/forward_page_0070.json
56033	raw/openalex/W0A07/forward_page_0071.json
54521	raw/openalex/W0A07/forward_page_0072.json
54865	raw/openalex/W0A07/forward_page_0073.json
54425	raw/openalex/W0A07/forward_page_0074.json
55040	raw/openalex/W0A07/forward_page_0075.json
55083	raw/openalex/W0A07/forward_page_0076.json
55038	raw/openalex/W0A07/forward_page_0077.json
54298	raw/openalex/W0A07/forward_page_0078.json
53653	raw/openalex/W0A07/forward_page_0079.json
54990	raw/openalex/W0A07/forward_page_0080.json
53249	raw/openalex/W0A07/forward_page_0081.json
54272	raw/openalex/W0A07/forward_page_0082.json
55196	raw/openalex/W0A07/forward_page_0083.json
54818	raw/openalex/W0A07/forward_page_0084.json
53828	raw/openalex/W0A07/forward_page_0085.json
54872	raw/openalex/W0A07/forward_page_0086.json
54178	raw/openalex/W0A07/forward_page_0087.json
53721	raw/openalex/W0A07/forward_page_0088.json
52627	raw/openalex/W0A07/forward_page_0089.json
54480	raw/openalex/W0A07/forward_page_0090.json
53320	raw/openalex/W0A07/forward_page_0091.json
54231	raw/openalex/W0A07/forward_page_0092.json
54467	raw/openalex/W0A07/forward_page_0093.json
54083	raw/openalex/W0A07/forward_page_0094.json
53688	raw/openalex/W0A07/forward_page_0095.json
54669	raw/openalex/W0A07/forward_page_0096.json
53104	raw/openalex/W0A07/forward_page_0097.json
52417	raw/openalex/W0A07/forward_page_0098.json
54540	raw/openalex/W0A07/forward_page_0099.json
54656	raw/openalex/W0A07/forward_page_0100.json
55416	raw/openalex/W0A07/forward_page_0101.json
54763	raw/openalex/W0A07/forward_page_0102.json
53185	raw/openalex/W0A07/forward_page_0103.json
51672	raw/openalex/W0A07/forward_page_0104.json
52210	raw/openalex/W0A07/forward_page_0105.json
50797	raw/openalex/W0A07/forward_page_0106.json
54492	raw/openalex/W0A07/forward_page_0107.json
52292	raw/openalex/W0A07/forward_page_0108.json
48311	raw/openalex/W0A07/forward_page_0109.json
47531	raw/openalex/W0A07/forward_page_0110.json
47328	raw/openalex/W0A07/forward_page_0111.json
48704	raw/openalex/W0A07/forward_page_0112.json
47214	raw/openalex/W0A07/forward_page_0113.json
48330	raw/openalex/W0A07/forward_page_0114.json
45958	raw/openalex/W0A07/forward_page_0115.json
49279	raw/openalex/W0A07/forward_page_0116.json
47346	raw/openalex/W0A07/forward_page_0117.json
46546	raw/openalex/W0A07/forward_page_0118.json
49203	raw/openalex/W0A07/forward_page_0119.json
47594	raw/openalex/W0A07/forward_page_0120.json
46790	raw/openalex/W0A07/forward_page_0121.json
43654	raw/openalex/W0A07/forward_page_0122.json
43905	raw/openalex/W0A07/forward_page_0123.json
48795	raw/openalex/W0A07/forward_page_0124.json
49031	raw/openalex/W0A07/forward_page_0125.json
50893	raw/openalex/W0A07/forward_page_0126.json
52056	raw/openalex/W0A07/forward_page_0127.json
50812	raw/openalex/W0A07/forward_page_0128.json
50500	raw/openalex/W0A07/forward_page_0129.json
50600	raw/openalex/W0A07/forward_page_0130.json
49144	raw/openalex/W0A07/forward_page_0131.json
54762	raw/openalex/W0A07/forward_page_0132.json
55212	raw/openalex/W0A07/forward_page_0133.json
51156	raw/openalex/W0A07/forward_page_0134.json
49900	raw/openalex/W0A07/forward_page_0135.json
50968	raw/openalex/W0A07/forward_page_0136.json
51580	raw/openalex/W0A07/forward_page_0137.json
52006	raw/openalex/W0A07/forward_page_0138.json
52607	raw/openalex/W0A07/forward_page_0139.json
52394	raw/openalex/W0A07/forward_page_0140.json
60661	raw/openalex/W0A07/forward_page_0141.json
53772	raw/openalex/W0A07/forward_page_0142.json
27515	raw/openalex/W0A07/forward_page_0143.json
4122	raw/openalex/W0A07/resolve_anchor.json
9948	raw/opencitations/W0A01/backward.json
37	raw/opencitations/W0A01/backward_count.json
1040	raw/opencitations/W0A01/forward.json
36	raw/opencitations/W0A01/forward_count.json
16070	raw/opencitations/W0A02/backward.json
37	raw/opencitations/W0A02/backward_count.json
5814	raw/opencitations/W0A02/forward.json
37	raw/opencitations/W0A02/forward_count.json
3974	raw/opencitations/W0A03/backward.json
37	raw/opencitations/W0A03/backward_count.json
2290	raw/opencitations/W0A03/forward.json
36	raw/opencitations/W0A03/forward_count.json
10755	raw/opencitations/W0A04/backward.json
37	raw/opencitations/W0A04/backward_count.json
465962	raw/opencitations/W0A04/forward.json
39	raw/opencitations/W0A04/forward_count.json
13354	raw/opencitations/W0A05/backward.json
37	raw/opencitations/W0A05/backward_count.json
139377	raw/opencitations/W0A05/forward.json
38	raw/opencitations/W0A05/forward_count.json
3129	raw/opencitations/W0A06/backward.json
36	raw/opencitations/W0A06/backward_count.json
229412	raw/opencitations/W0A06/forward.json
38	raw/opencitations/W0A06/forward_count.json
22379	raw/opencitations/W0A07/backward.json
37	raw/opencitations/W0A07/backward_count.json
40	raw/opencitations/W0A07/forward_count.json
