scenario_id	tip_count	event_regime	observation_condition	replicate	tree_contract	sequence_contract	truth_contract	description
S001	32	unique_only	complete	1	rooted_strictly_bifurcating_with_positive_branch_lengths	ungapped_DNA_fixed_root_sequence_no_recombination	explicit_branch_event_ledger_and_tip_alignment_generated_independently_of_all_comparators	Only unique single-hit substitutions; no recurrent sites. No introduced missing or ambiguous tip calls.
S002	32	unique_only	complete	2	rooted_strictly_bifurcating_with_positive_branch_lengths	ungapped_DNA_fixed_root_sequence_no_recombination	explicit_branch_event_ledger_and_tip_alignment_generated_independently_of_all_comparators	Only unique single-hit substitutions; no recurrent sites. No introduced missing or ambiguous tip calls.
S003	32	unique_only	complete	3	rooted_strictly_bifurcating_with_positive_branch_lengths	ungapped_DNA_fixed_root_sequence_no_recombination	explicit_branch_event_ledger_and_tip_alignment_generated_independently_of_all_comparators	Only unique single-hit substitutions; no recurrent sites. No introduced missing or ambiguous tip calls.
S004	32	unique_only	complete	4	rooted_strictly_bifurcating_with_positive_branch_lengths	ungapped_DNA_fixed_root_sequence_no_recombination	explicit_branch_event_ledger_and_tip_alignment_generated_independently_of_all_comparators	Only unique single-hit substitutions; no recurrent sites. No introduced missing or ambiguous tip calls.
S005	32	unique_only	complete	5	rooted_strictly_bifurcating_with_positive_branch_lengths	ungapped_DNA_fixed_root_sequence_no_recombination	explicit_branch_event_ledger_and_tip_alignment_generated_independently_of_all_comparators	Only unique single-hit substitutions; no recurrent sites. No introduced missing or ambiguous tip calls.
S006	32	unique_only	missing_5pct	1	rooted_strictly_bifurcating_with_positive_branch_lengths	ungapped_DNA_fixed_root_sequence_no_recombination	explicit_branch_event_ledger_and_tip_alignment_generated_independently_of_all_comparators	Only unique single-hit substitutions; no recurrent sites. Exactly 5% of tip-by-variable-site observations replaced by N using the frozen deterministic mask.
S007	32	unique_only	missing_5pct	2	rooted_strictly_bifurcating_with_positive_branch_lengths	ungapped_DNA_fixed_root_sequence_no_recombination	explicit_branch_event_ledger_and_tip_alignment_generated_independently_of_all_comparators	Only unique single-hit substitutions; no recurrent sites. Exactly 5% of tip-by-variable-site observations replaced by N using the frozen deterministic mask.
S008	32	unique_only	missing_5pct	3	rooted_strictly_bifurcating_with_positive_branch_lengths	ungapped_DNA_fixed_root_sequence_no_recombination	explicit_branch_event_ledger_and_tip_alignment_generated_independently_of_all_comparators	Only unique single-hit substitutions; no recurrent sites. Exactly 5% of tip-by-variable-site observations replaced by N using the frozen deterministic mask.
S009	32	unique_only	missing_5pct	4	rooted_strictly_bifurcating_with_positive_branch_lengths	ungapped_DNA_fixed_root_sequence_no_recombination	explicit_branch_event_ledger_and_tip_alignment_generated_independently_of_all_comparators	Only unique single-hit substitutions; no recurrent sites. Exactly 5% of tip-by-variable-site observations replaced by N using the frozen deterministic mask.
S010	32	unique_only	missing_5pct	5	rooted_strictly_bifurcating_with_positive_branch_lengths	ungapped_DNA_fixed_root_sequence_no_recombination	explicit_branch_event_ledger_and_tip_alignment_generated_independently_of_all_comparators	Only unique single-hit substitutions; no recurrent sites. Exactly 5% of tip-by-variable-site observations replaced by N using the frozen deterministic mask.
S011	32	parallel	complete	1	rooted_strictly_bifurcating_with_positive_branch_lengths	ungapped_DNA_fixed_root_sequence_no_recombination	explicit_branch_event_ledger_and_tip_alignment_generated_independently_of_all_comparators	Repeated same ancestral-to-derived substitution on independent branches. No introduced missing or ambiguous tip calls.
S012	32	parallel	complete	2	rooted_strictly_bifurcating_with_positive_branch_lengths	ungapped_DNA_fixed_root_sequence_no_recombination	explicit_branch_event_ledger_and_tip_alignment_generated_independently_of_all_comparators	Repeated same ancestral-to-derived substitution on independent branches. No introduced missing or ambiguous tip calls.
S013	32	parallel	complete	3	rooted_strictly_bifurcating_with_positive_branch_lengths	ungapped_DNA_fixed_root_sequence_no_recombination	explicit_branch_event_ledger_and_tip_alignment_generated_independently_of_all_comparators	Repeated same ancestral-to-derived substitution on independent branches. No introduced missing or ambiguous tip calls.
S014	32	parallel	complete	4	rooted_strictly_bifurcating_with_positive_branch_lengths	ungapped_DNA_fixed_root_sequence_no_recombination	explicit_branch_event_ledger_and_tip_alignment_generated_independently_of_all_comparators	Repeated same ancestral-to-derived substitution on independent branches. No introduced missing or ambiguous tip calls.
S015	32	parallel	complete	5	rooted_strictly_bifurcating_with_positive_branch_lengths	ungapped_DNA_fixed_root_sequence_no_recombination	explicit_branch_event_ledger_and_tip_alignment_generated_independently_of_all_comparators	Repeated same ancestral-to-derived substitution on independent branches. No introduced missing or ambiguous tip calls.
S016	32	parallel	missing_5pct	1	rooted_strictly_bifurcating_with_positive_branch_lengths	ungapped_DNA_fixed_root_sequence_no_recombination	explicit_branch_event_ledger_and_tip_alignment_generated_independently_of_all_comparators	Repeated same ancestral-to-derived substitution on independent branches. Exactly 5% of tip-by-variable-site observations replaced by N using the frozen deterministic mask.
S017	32	parallel	missing_5pct	2	rooted_strictly_bifurcating_with_positive_branch_lengths	ungapped_DNA_fixed_root_sequence_no_recombination	explicit_branch_event_ledger_and_tip_alignment_generated_independently_of_all_comparators	Repeated same ancestral-to-derived substitution on independent branches. Exactly 5% of tip-by-variable-site observations replaced by N using the frozen deterministic mask.
S018	32	parallel	missing_5pct	3	rooted_strictly_bifurcating_with_positive_branch_lengths	ungapped_DNA_fixed_root_sequence_no_recombination	explicit_branch_event_ledger_and_tip_alignment_generated_independently_of_all_comparators	Repeated same ancestral-to-derived substitution on independent branches. Exactly 5% of tip-by-variable-site observations replaced by N using the frozen deterministic mask.
S019	32	parallel	missing_5pct	4	rooted_strictly_bifurcating_with_positive_branch_lengths	ungapped_DNA_fixed_root_sequence_no_recombination	explicit_branch_event_ledger_and_tip_alignment_generated_independently_of_all_comparators	Repeated same ancestral-to-derived substitution on independent branches. Exactly 5% of tip-by-variable-site observations replaced by N using the frozen deterministic mask.
S020	32	parallel	missing_5pct	5	rooted_strictly_bifurcating_with_positive_branch_lengths	ungapped_DNA_fixed_root_sequence_no_recombination	explicit_branch_event_ledger_and_tip_alignment_generated_independently_of_all_comparators	Repeated same ancestral-to-derived substitution on independent branches. Exactly 5% of tip-by-variable-site observations replaced by N using the frozen deterministic mask.
S021	32	convergent	complete	1	rooted_strictly_bifurcating_with_positive_branch_lengths	ungapped_DNA_fixed_root_sequence_no_recombination	explicit_branch_event_ledger_and_tip_alignment_generated_independently_of_all_comparators	Independent branches reach the same derived nucleotide from different ancestral states. No introduced missing or ambiguous tip calls.
S022	32	convergent	complete	2	rooted_strictly_bifurcating_with_positive_branch_lengths	ungapped_DNA_fixed_root_sequence_no_recombination	explicit_branch_event_ledger_and_tip_alignment_generated_independently_of_all_comparators	Independent branches reach the same derived nucleotide from different ancestral states. No introduced missing or ambiguous tip calls.
S023	32	convergent	complete	3	rooted_strictly_bifurcating_with_positive_branch_lengths	ungapped_DNA_fixed_root_sequence_no_recombination	explicit_branch_event_ledger_and_tip_alignment_generated_independently_of_all_comparators	Independent branches reach the same derived nucleotide from different ancestral states. No introduced missing or ambiguous tip calls.
S024	32	convergent	complete	4	rooted_strictly_bifurcating_with_positive_branch_lengths	ungapped_DNA_fixed_root_sequence_no_recombination	explicit_branch_event_ledger_and_tip_alignment_generated_independently_of_all_comparators	Independent branches reach the same derived nucleotide from different ancestral states. No introduced missing or ambiguous tip calls.
S025	32	convergent	complete	5	rooted_strictly_bifurcating_with_positive_branch_lengths	ungapped_DNA_fixed_root_sequence_no_recombination	explicit_branch_event_ledger_and_tip_alignment_generated_independently_of_all_comparators	Independent branches reach the same derived nucleotide from different ancestral states. No introduced missing or ambiguous tip calls.
S026	32	convergent	missing_5pct	1	rooted_strictly_bifurcating_with_positive_branch_lengths	ungapped_DNA_fixed_root_sequence_no_recombination	explicit_branch_event_ledger_and_tip_alignment_generated_independently_of_all_comparators	Independent branches reach the same derived nucleotide from different ancestral states. Exactly 5% of tip-by-variable-site observations replaced by N using the frozen deterministic mask.
S027	32	convergent	missing_5pct	2	rooted_strictly_bifurcating_with_positive_branch_lengths	ungapped_DNA_fixed_root_sequence_no_recombination	explicit_branch_event_ledger_and_tip_alignment_generated_independently_of_all_comparators	Independent branches reach the same derived nucleotide from different ancestral states. Exactly 5% of tip-by-variable-site observations replaced by N using the frozen deterministic mask.
S028	32	convergent	missing_5pct	3	rooted_strictly_bifurcating_with_positive_branch_lengths	ungapped_DNA_fixed_root_sequence_no_recombination	explicit_branch_event_ledger_and_tip_alignment_generated_independently_of_all_comparators	Independent branches reach the same derived nucleotide from different ancestral states. Exactly 5% of tip-by-variable-site observations replaced by N using the frozen deterministic mask.
S029	32	convergent	missing_5pct	4	rooted_strictly_bifurcating_with_positive_branch_lengths	ungapped_DNA_fixed_root_sequence_no_recombination	explicit_branch_event_ledger_and_tip_alignment_generated_independently_of_all_comparators	Independent branches reach the same derived nucleotide from different ancestral states. Exactly 5% of tip-by-variable-site observations replaced by N using the frozen deterministic mask.
S030	32	convergent	missing_5pct	5	rooted_strictly_bifurcating_with_positive_branch_lengths	ungapped_DNA_fixed_root_sequence_no_recombination	explicit_branch_event_ledger_and_tip_alignment_generated_independently_of_all_comparators	Independent branches reach the same derived nucleotide from different ancestral states. Exactly 5% of tip-by-variable-site observations replaced by N using the frozen deterministic mask.
S031	32	reversal	complete	1	rooted_strictly_bifurcating_with_positive_branch_lengths	ungapped_DNA_fixed_root_sequence_no_recombination	explicit_branch_event_ledger_and_tip_alignment_generated_independently_of_all_comparators	At least one derived state reverts to an ancestral nucleotide on a descendant branch. No introduced missing or ambiguous tip calls.
S032	32	reversal	complete	2	rooted_strictly_bifurcating_with_positive_branch_lengths	ungapped_DNA_fixed_root_sequence_no_recombination	explicit_branch_event_ledger_and_tip_alignment_generated_independently_of_all_comparators	At least one derived state reverts to an ancestral nucleotide on a descendant branch. No introduced missing or ambiguous tip calls.
S033	32	reversal	complete	3	rooted_strictly_bifurcating_with_positive_branch_lengths	ungapped_DNA_fixed_root_sequence_no_recombination	explicit_branch_event_ledger_and_tip_alignment_generated_independently_of_all_comparators	At least one derived state reverts to an ancestral nucleotide on a descendant branch. No introduced missing or ambiguous tip calls.
S034	32	reversal	complete	4	rooted_strictly_bifurcating_with_positive_branch_lengths	ungapped_DNA_fixed_root_sequence_no_recombination	explicit_branch_event_ledger_and_tip_alignment_generated_independently_of_all_comparators	At least one derived state reverts to an ancestral nucleotide on a descendant branch. No introduced missing or ambiguous tip calls.
S035	32	reversal	complete	5	rooted_strictly_bifurcating_with_positive_branch_lengths	ungapped_DNA_fixed_root_sequence_no_recombination	explicit_branch_event_ledger_and_tip_alignment_generated_independently_of_all_comparators	At least one derived state reverts to an ancestral nucleotide on a descendant branch. No introduced missing or ambiguous tip calls.
S036	32	reversal	missing_5pct	1	rooted_strictly_bifurcating_with_positive_branch_lengths	ungapped_DNA_fixed_root_sequence_no_recombination	explicit_branch_event_ledger_and_tip_alignment_generated_independently_of_all_comparators	At least one derived state reverts to an ancestral nucleotide on a descendant branch. Exactly 5% of tip-by-variable-site observations replaced by N using the frozen deterministic mask.
S037	32	reversal	missing_5pct	2	rooted_strictly_bifurcating_with_positive_branch_lengths	ungapped_DNA_fixed_root_sequence_no_recombination	explicit_branch_event_ledger_and_tip_alignment_generated_independently_of_all_comparators	At least one derived state reverts to an ancestral nucleotide on a descendant branch. Exactly 5% of tip-by-variable-site observations replaced by N using the frozen deterministic mask.
S038	32	reversal	missing_5pct	3	rooted_strictly_bifurcating_with_positive_branch_lengths	ungapped_DNA_fixed_root_sequence_no_recombination	explicit_branch_event_ledger_and_tip_alignment_generated_independently_of_all_comparators	At least one derived state reverts to an ancestral nucleotide on a descendant branch. Exactly 5% of tip-by-variable-site observations replaced by N using the frozen deterministic mask.
S039	32	reversal	missing_5pct	4	rooted_strictly_bifurcating_with_positive_branch_lengths	ungapped_DNA_fixed_root_sequence_no_recombination	explicit_branch_event_ledger_and_tip_alignment_generated_independently_of_all_comparators	At least one derived state reverts to an ancestral nucleotide on a descendant branch. Exactly 5% of tip-by-variable-site observations replaced by N using the frozen deterministic mask.
S040	32	reversal	missing_5pct	5	rooted_strictly_bifurcating_with_positive_branch_lengths	ungapped_DNA_fixed_root_sequence_no_recombination	explicit_branch_event_ledger_and_tip_alignment_generated_independently_of_all_comparators	At least one derived state reverts to an ancestral nucleotide on a descendant branch. Exactly 5% of tip-by-variable-site observations replaced by N using the frozen deterministic mask.
S041	32	mixed_recurrence	complete	1	rooted_strictly_bifurcating_with_positive_branch_lengths	ungapped_DNA_fixed_root_sequence_no_recombination	explicit_branch_event_ledger_and_tip_alignment_generated_independently_of_all_comparators	Controlled mixture of unique, parallel, convergent and reversal events. No introduced missing or ambiguous tip calls.
S042	32	mixed_recurrence	complete	2	rooted_strictly_bifurcating_with_positive_branch_lengths	ungapped_DNA_fixed_root_sequence_no_recombination	explicit_branch_event_ledger_and_tip_alignment_generated_independently_of_all_comparators	Controlled mixture of unique, parallel, convergent and reversal events. No introduced missing or ambiguous tip calls.
S043	32	mixed_recurrence	complete	3	rooted_strictly_bifurcating_with_positive_branch_lengths	ungapped_DNA_fixed_root_sequence_no_recombination	explicit_branch_event_ledger_and_tip_alignment_generated_independently_of_all_comparators	Controlled mixture of unique, parallel, convergent and reversal events. No introduced missing or ambiguous tip calls.
S044	32	mixed_recurrence	complete	4	rooted_strictly_bifurcating_with_positive_branch_lengths	ungapped_DNA_fixed_root_sequence_no_recombination	explicit_branch_event_ledger_and_tip_alignment_generated_independently_of_all_comparators	Controlled mixture of unique, parallel, convergent and reversal events. No introduced missing or ambiguous tip calls.
S045	32	mixed_recurrence	complete	5	rooted_strictly_bifurcating_with_positive_branch_lengths	ungapped_DNA_fixed_root_sequence_no_recombination	explicit_branch_event_ledger_and_tip_alignment_generated_independently_of_all_comparators	Controlled mixture of unique, parallel, convergent and reversal events. No introduced missing or ambiguous tip calls.
S046	32	mixed_recurrence	missing_5pct	1	rooted_strictly_bifurcating_with_positive_branch_lengths	ungapped_DNA_fixed_root_sequence_no_recombination	explicit_branch_event_ledger_and_tip_alignment_generated_independently_of_all_comparators	Controlled mixture of unique, parallel, convergent and reversal events. Exactly 5% of tip-by-variable-site observations replaced by N using the frozen deterministic mask.
S047	32	mixed_recurrence	missing_5pct	2	rooted_strictly_bifurcating_with_positive_branch_lengths	ungapped_DNA_fixed_root_sequence_no_recombination	explicit_branch_event_ledger_and_tip_alignment_generated_independently_of_all_comparators	Controlled mixture of unique, parallel, convergent and reversal events. Exactly 5% of tip-by-variable-site observations replaced by N using the frozen deterministic mask.
S048	32	mixed_recurrence	missing_5pct	3	rooted_strictly_bifurcating_with_positive_branch_lengths	ungapped_DNA_fixed_root_sequence_no_recombination	explicit_branch_event_ledger_and_tip_alignment_generated_independently_of_all_comparators	Controlled mixture of unique, parallel, convergent and reversal events. Exactly 5% of tip-by-variable-site observations replaced by N using the frozen deterministic mask.
S049	32	mixed_recurrence	missing_5pct	4	rooted_strictly_bifurcating_with_positive_branch_lengths	ungapped_DNA_fixed_root_sequence_no_recombination	explicit_branch_event_ledger_and_tip_alignment_generated_independently_of_all_comparators	Controlled mixture of unique, parallel, convergent and reversal events. Exactly 5% of tip-by-variable-site observations replaced by N using the frozen deterministic mask.
S050	32	mixed_recurrence	missing_5pct	5	rooted_strictly_bifurcating_with_positive_branch_lengths	ungapped_DNA_fixed_root_sequence_no_recombination	explicit_branch_event_ledger_and_tip_alignment_generated_independently_of_all_comparators	Controlled mixture of unique, parallel, convergent and reversal events. Exactly 5% of tip-by-variable-site observations replaced by N using the frozen deterministic mask.
S051	128	unique_only	complete	1	rooted_strictly_bifurcating_with_positive_branch_lengths	ungapped_DNA_fixed_root_sequence_no_recombination	explicit_branch_event_ledger_and_tip_alignment_generated_independently_of_all_comparators	Only unique single-hit substitutions; no recurrent sites. No introduced missing or ambiguous tip calls.
S052	128	unique_only	complete	2	rooted_strictly_bifurcating_with_positive_branch_lengths	ungapped_DNA_fixed_root_sequence_no_recombination	explicit_branch_event_ledger_and_tip_alignment_generated_independently_of_all_comparators	Only unique single-hit substitutions; no recurrent sites. No introduced missing or ambiguous tip calls.
S053	128	unique_only	complete	3	rooted_strictly_bifurcating_with_positive_branch_lengths	ungapped_DNA_fixed_root_sequence_no_recombination	explicit_branch_event_ledger_and_tip_alignment_generated_independently_of_all_comparators	Only unique single-hit substitutions; no recurrent sites. No introduced missing or ambiguous tip calls.
S054	128	unique_only	complete	4	rooted_strictly_bifurcating_with_positive_branch_lengths	ungapped_DNA_fixed_root_sequence_no_recombination	explicit_branch_event_ledger_and_tip_alignment_generated_independently_of_all_comparators	Only unique single-hit substitutions; no recurrent sites. No introduced missing or ambiguous tip calls.
S055	128	unique_only	complete	5	rooted_strictly_bifurcating_with_positive_branch_lengths	ungapped_DNA_fixed_root_sequence_no_recombination	explicit_branch_event_ledger_and_tip_alignment_generated_independently_of_all_comparators	Only unique single-hit substitutions; no recurrent sites. No introduced missing or ambiguous tip calls.
S056	128	unique_only	missing_5pct	1	rooted_strictly_bifurcating_with_positive_branch_lengths	ungapped_DNA_fixed_root_sequence_no_recombination	explicit_branch_event_ledger_and_tip_alignment_generated_independently_of_all_comparators	Only unique single-hit substitutions; no recurrent sites. Exactly 5% of tip-by-variable-site observations replaced by N using the frozen deterministic mask.
S057	128	unique_only	missing_5pct	2	rooted_strictly_bifurcating_with_positive_branch_lengths	ungapped_DNA_fixed_root_sequence_no_recombination	explicit_branch_event_ledger_and_tip_alignment_generated_independently_of_all_comparators	Only unique single-hit substitutions; no recurrent sites. Exactly 5% of tip-by-variable-site observations replaced by N using the frozen deterministic mask.
S058	128	unique_only	missing_5pct	3	rooted_strictly_bifurcating_with_positive_branch_lengths	ungapped_DNA_fixed_root_sequence_no_recombination	explicit_branch_event_ledger_and_tip_alignment_generated_independently_of_all_comparators	Only unique single-hit substitutions; no recurrent sites. Exactly 5% of tip-by-variable-site observations replaced by N using the frozen deterministic mask.
S059	128	unique_only	missing_5pct	4	rooted_strictly_bifurcating_with_positive_branch_lengths	ungapped_DNA_fixed_root_sequence_no_recombination	explicit_branch_event_ledger_and_tip_alignment_generated_independently_of_all_comparators	Only unique single-hit substitutions; no recurrent sites. Exactly 5% of tip-by-variable-site observations replaced by N using the frozen deterministic mask.
S060	128	unique_only	missing_5pct	5	rooted_strictly_bifurcating_with_positive_branch_lengths	ungapped_DNA_fixed_root_sequence_no_recombination	explicit_branch_event_ledger_and_tip_alignment_generated_independently_of_all_comparators	Only unique single-hit substitutions; no recurrent sites. Exactly 5% of tip-by-variable-site observations replaced by N using the frozen deterministic mask.
S061	128	parallel	complete	1	rooted_strictly_bifurcating_with_positive_branch_lengths	ungapped_DNA_fixed_root_sequence_no_recombination	explicit_branch_event_ledger_and_tip_alignment_generated_independently_of_all_comparators	Repeated same ancestral-to-derived substitution on independent branches. No introduced missing or ambiguous tip calls.
S062	128	parallel	complete	2	rooted_strictly_bifurcating_with_positive_branch_lengths	ungapped_DNA_fixed_root_sequence_no_recombination	explicit_branch_event_ledger_and_tip_alignment_generated_independently_of_all_comparators	Repeated same ancestral-to-derived substitution on independent branches. No introduced missing or ambiguous tip calls.
S063	128	parallel	complete	3	rooted_strictly_bifurcating_with_positive_branch_lengths	ungapped_DNA_fixed_root_sequence_no_recombination	explicit_branch_event_ledger_and_tip_alignment_generated_independently_of_all_comparators	Repeated same ancestral-to-derived substitution on independent branches. No introduced missing or ambiguous tip calls.
S064	128	parallel	complete	4	rooted_strictly_bifurcating_with_positive_branch_lengths	ungapped_DNA_fixed_root_sequence_no_recombination	explicit_branch_event_ledger_and_tip_alignment_generated_independently_of_all_comparators	Repeated same ancestral-to-derived substitution on independent branches. No introduced missing or ambiguous tip calls.
S065	128	parallel	complete	5	rooted_strictly_bifurcating_with_positive_branch_lengths	ungapped_DNA_fixed_root_sequence_no_recombination	explicit_branch_event_ledger_and_tip_alignment_generated_independently_of_all_comparators	Repeated same ancestral-to-derived substitution on independent branches. No introduced missing or ambiguous tip calls.
S066	128	parallel	missing_5pct	1	rooted_strictly_bifurcating_with_positive_branch_lengths	ungapped_DNA_fixed_root_sequence_no_recombination	explicit_branch_event_ledger_and_tip_alignment_generated_independently_of_all_comparators	Repeated same ancestral-to-derived substitution on independent branches. Exactly 5% of tip-by-variable-site observations replaced by N using the frozen deterministic mask.
S067	128	parallel	missing_5pct	2	rooted_strictly_bifurcating_with_positive_branch_lengths	ungapped_DNA_fixed_root_sequence_no_recombination	explicit_branch_event_ledger_and_tip_alignment_generated_independently_of_all_comparators	Repeated same ancestral-to-derived substitution on independent branches. Exactly 5% of tip-by-variable-site observations replaced by N using the frozen deterministic mask.
S068	128	parallel	missing_5pct	3	rooted_strictly_bifurcating_with_positive_branch_lengths	ungapped_DNA_fixed_root_sequence_no_recombination	explicit_branch_event_ledger_and_tip_alignment_generated_independently_of_all_comparators	Repeated same ancestral-to-derived substitution on independent branches. Exactly 5% of tip-by-variable-site observations replaced by N using the frozen deterministic mask.
S069	128	parallel	missing_5pct	4	rooted_strictly_bifurcating_with_positive_branch_lengths	ungapped_DNA_fixed_root_sequence_no_recombination	explicit_branch_event_ledger_and_tip_alignment_generated_independently_of_all_comparators	Repeated same ancestral-to-derived substitution on independent branches. Exactly 5% of tip-by-variable-site observations replaced by N using the frozen deterministic mask.
S070	128	parallel	missing_5pct	5	rooted_strictly_bifurcating_with_positive_branch_lengths	ungapped_DNA_fixed_root_sequence_no_recombination	explicit_branch_event_ledger_and_tip_alignment_generated_independently_of_all_comparators	Repeated same ancestral-to-derived substitution on independent branches. Exactly 5% of tip-by-variable-site observations replaced by N using the frozen deterministic mask.
S071	128	convergent	complete	1	rooted_strictly_bifurcating_with_positive_branch_lengths	ungapped_DNA_fixed_root_sequence_no_recombination	explicit_branch_event_ledger_and_tip_alignment_generated_independently_of_all_comparators	Independent branches reach the same derived nucleotide from different ancestral states. No introduced missing or ambiguous tip calls.
S072	128	convergent	complete	2	rooted_strictly_bifurcating_with_positive_branch_lengths	ungapped_DNA_fixed_root_sequence_no_recombination	explicit_branch_event_ledger_and_tip_alignment_generated_independently_of_all_comparators	Independent branches reach the same derived nucleotide from different ancestral states. No introduced missing or ambiguous tip calls.
S073	128	convergent	complete	3	rooted_strictly_bifurcating_with_positive_branch_lengths	ungapped_DNA_fixed_root_sequence_no_recombination	explicit_branch_event_ledger_and_tip_alignment_generated_independently_of_all_comparators	Independent branches reach the same derived nucleotide from different ancestral states. No introduced missing or ambiguous tip calls.
S074	128	convergent	complete	4	rooted_strictly_bifurcating_with_positive_branch_lengths	ungapped_DNA_fixed_root_sequence_no_recombination	explicit_branch_event_ledger_and_tip_alignment_generated_independently_of_all_comparators	Independent branches reach the same derived nucleotide from different ancestral states. No introduced missing or ambiguous tip calls.
S075	128	convergent	complete	5	rooted_strictly_bifurcating_with_positive_branch_lengths	ungapped_DNA_fixed_root_sequence_no_recombination	explicit_branch_event_ledger_and_tip_alignment_generated_independently_of_all_comparators	Independent branches reach the same derived nucleotide from different ancestral states. No introduced missing or ambiguous tip calls.
S076	128	convergent	missing_5pct	1	rooted_strictly_bifurcating_with_positive_branch_lengths	ungapped_DNA_fixed_root_sequence_no_recombination	explicit_branch_event_ledger_and_tip_alignment_generated_independently_of_all_comparators	Independent branches reach the same derived nucleotide from different ancestral states. Exactly 5% of tip-by-variable-site observations replaced by N using the frozen deterministic mask.
S077	128	convergent	missing_5pct	2	rooted_strictly_bifurcating_with_positive_branch_lengths	ungapped_DNA_fixed_root_sequence_no_recombination	explicit_branch_event_ledger_and_tip_alignment_generated_independently_of_all_comparators	Independent branches reach the same derived nucleotide from different ancestral states. Exactly 5% of tip-by-variable-site observations replaced by N using the frozen deterministic mask.
S078	128	convergent	missing_5pct	3	rooted_strictly_bifurcating_with_positive_branch_lengths	ungapped_DNA_fixed_root_sequence_no_recombination	explicit_branch_event_ledger_and_tip_alignment_generated_independently_of_all_comparators	Independent branches reach the same derived nucleotide from different ancestral states. Exactly 5% of tip-by-variable-site observations replaced by N using the frozen deterministic mask.
S079	128	convergent	missing_5pct	4	rooted_strictly_bifurcating_with_positive_branch_lengths	ungapped_DNA_fixed_root_sequence_no_recombination	explicit_branch_event_ledger_and_tip_alignment_generated_independently_of_all_comparators	Independent branches reach the same derived nucleotide from different ancestral states. Exactly 5% of tip-by-variable-site observations replaced by N using the frozen deterministic mask.
S080	128	convergent	missing_5pct	5	rooted_strictly_bifurcating_with_positive_branch_lengths	ungapped_DNA_fixed_root_sequence_no_recombination	explicit_branch_event_ledger_and_tip_alignment_generated_independently_of_all_comparators	Independent branches reach the same derived nucleotide from different ancestral states. Exactly 5% of tip-by-variable-site observations replaced by N using the frozen deterministic mask.
S081	128	reversal	complete	1	rooted_strictly_bifurcating_with_positive_branch_lengths	ungapped_DNA_fixed_root_sequence_no_recombination	explicit_branch_event_ledger_and_tip_alignment_generated_independently_of_all_comparators	At least one derived state reverts to an ancestral nucleotide on a descendant branch. No introduced missing or ambiguous tip calls.
S082	128	reversal	complete	2	rooted_strictly_bifurcating_with_positive_branch_lengths	ungapped_DNA_fixed_root_sequence_no_recombination	explicit_branch_event_ledger_and_tip_alignment_generated_independently_of_all_comparators	At least one derived state reverts to an ancestral nucleotide on a descendant branch. No introduced missing or ambiguous tip calls.
S083	128	reversal	complete	3	rooted_strictly_bifurcating_with_positive_branch_lengths	ungapped_DNA_fixed_root_sequence_no_recombination	explicit_branch_event_ledger_and_tip_alignment_generated_independently_of_all_comparators	At least one derived state reverts to an ancestral nucleotide on a descendant branch. No introduced missing or ambiguous tip calls.
S084	128	reversal	complete	4	rooted_strictly_bifurcating_with_positive_branch_lengths	ungapped_DNA_fixed_root_sequence_no_recombination	explicit_branch_event_ledger_and_tip_alignment_generated_independently_of_all_comparators	At least one derived state reverts to an ancestral nucleotide on a descendant branch. No introduced missing or ambiguous tip calls.
S085	128	reversal	complete	5	rooted_strictly_bifurcating_with_positive_branch_lengths	ungapped_DNA_fixed_root_sequence_no_recombination	explicit_branch_event_ledger_and_tip_alignment_generated_independently_of_all_comparators	At least one derived state reverts to an ancestral nucleotide on a descendant branch. No introduced missing or ambiguous tip calls.
S086	128	reversal	missing_5pct	1	rooted_strictly_bifurcating_with_positive_branch_lengths	ungapped_DNA_fixed_root_sequence_no_recombination	explicit_branch_event_ledger_and_tip_alignment_generated_independently_of_all_comparators	At least one derived state reverts to an ancestral nucleotide on a descendant branch. Exactly 5% of tip-by-variable-site observations replaced by N using the frozen deterministic mask.
S087	128	reversal	missing_5pct	2	rooted_strictly_bifurcating_with_positive_branch_lengths	ungapped_DNA_fixed_root_sequence_no_recombination	explicit_branch_event_ledger_and_tip_alignment_generated_independently_of_all_comparators	At least one derived state reverts to an ancestral nucleotide on a descendant branch. Exactly 5% of tip-by-variable-site observations replaced by N using the frozen deterministic mask.
S088	128	reversal	missing_5pct	3	rooted_strictly_bifurcating_with_positive_branch_lengths	ungapped_DNA_fixed_root_sequence_no_recombination	explicit_branch_event_ledger_and_tip_alignment_generated_independently_of_all_comparators	At least one derived state reverts to an ancestral nucleotide on a descendant branch. Exactly 5% of tip-by-variable-site observations replaced by N using the frozen deterministic mask.
S089	128	reversal	missing_5pct	4	rooted_strictly_bifurcating_with_positive_branch_lengths	ungapped_DNA_fixed_root_sequence_no_recombination	explicit_branch_event_ledger_and_tip_alignment_generated_independently_of_all_comparators	At least one derived state reverts to an ancestral nucleotide on a descendant branch. Exactly 5% of tip-by-variable-site observations replaced by N using the frozen deterministic mask.
S090	128	reversal	missing_5pct	5	rooted_strictly_bifurcating_with_positive_branch_lengths	ungapped_DNA_fixed_root_sequence_no_recombination	explicit_branch_event_ledger_and_tip_alignment_generated_independently_of_all_comparators	At least one derived state reverts to an ancestral nucleotide on a descendant branch. Exactly 5% of tip-by-variable-site observations replaced by N using the frozen deterministic mask.
S091	128	mixed_recurrence	complete	1	rooted_strictly_bifurcating_with_positive_branch_lengths	ungapped_DNA_fixed_root_sequence_no_recombination	explicit_branch_event_ledger_and_tip_alignment_generated_independently_of_all_comparators	Controlled mixture of unique, parallel, convergent and reversal events. No introduced missing or ambiguous tip calls.
S092	128	mixed_recurrence	complete	2	rooted_strictly_bifurcating_with_positive_branch_lengths	ungapped_DNA_fixed_root_sequence_no_recombination	explicit_branch_event_ledger_and_tip_alignment_generated_independently_of_all_comparators	Controlled mixture of unique, parallel, convergent and reversal events. No introduced missing or ambiguous tip calls.
S093	128	mixed_recurrence	complete	3	rooted_strictly_bifurcating_with_positive_branch_lengths	ungapped_DNA_fixed_root_sequence_no_recombination	explicit_branch_event_ledger_and_tip_alignment_generated_independently_of_all_comparators	Controlled mixture of unique, parallel, convergent and reversal events. No introduced missing or ambiguous tip calls.
S094	128	mixed_recurrence	complete	4	rooted_strictly_bifurcating_with_positive_branch_lengths	ungapped_DNA_fixed_root_sequence_no_recombination	explicit_branch_event_ledger_and_tip_alignment_generated_independently_of_all_comparators	Controlled mixture of unique, parallel, convergent and reversal events. No introduced missing or ambiguous tip calls.
S095	128	mixed_recurrence	complete	5	rooted_strictly_bifurcating_with_positive_branch_lengths	ungapped_DNA_fixed_root_sequence_no_recombination	explicit_branch_event_ledger_and_tip_alignment_generated_independently_of_all_comparators	Controlled mixture of unique, parallel, convergent and reversal events. No introduced missing or ambiguous tip calls.
S096	128	mixed_recurrence	missing_5pct	1	rooted_strictly_bifurcating_with_positive_branch_lengths	ungapped_DNA_fixed_root_sequence_no_recombination	explicit_branch_event_ledger_and_tip_alignment_generated_independently_of_all_comparators	Controlled mixture of unique, parallel, convergent and reversal events. Exactly 5% of tip-by-variable-site observations replaced by N using the frozen deterministic mask.
S097	128	mixed_recurrence	missing_5pct	2	rooted_strictly_bifurcating_with_positive_branch_lengths	ungapped_DNA_fixed_root_sequence_no_recombination	explicit_branch_event_ledger_and_tip_alignment_generated_independently_of_all_comparators	Controlled mixture of unique, parallel, convergent and reversal events. Exactly 5% of tip-by-variable-site observations replaced by N using the frozen deterministic mask.
S098	128	mixed_recurrence	missing_5pct	3	rooted_strictly_bifurcating_with_positive_branch_lengths	ungapped_DNA_fixed_root_sequence_no_recombination	explicit_branch_event_ledger_and_tip_alignment_generated_independently_of_all_comparators	Controlled mixture of unique, parallel, convergent and reversal events. Exactly 5% of tip-by-variable-site observations replaced by N using the frozen deterministic mask.
S099	128	mixed_recurrence	missing_5pct	4	rooted_strictly_bifurcating_with_positive_branch_lengths	ungapped_DNA_fixed_root_sequence_no_recombination	explicit_branch_event_ledger_and_tip_alignment_generated_independently_of_all_comparators	Controlled mixture of unique, parallel, convergent and reversal events. Exactly 5% of tip-by-variable-site observations replaced by N using the frozen deterministic mask.
S100	128	mixed_recurrence	missing_5pct	5	rooted_strictly_bifurcating_with_positive_branch_lengths	ungapped_DNA_fixed_root_sequence_no_recombination	explicit_branch_event_ledger_and_tip_alignment_generated_independently_of_all_comparators	Controlled mixture of unique, parallel, convergent and reversal events. Exactly 5% of tip-by-variable-site observations replaced by N using the frozen deterministic mask.
S101	512	unique_only	complete	1	rooted_strictly_bifurcating_with_positive_branch_lengths	ungapped_DNA_fixed_root_sequence_no_recombination	explicit_branch_event_ledger_and_tip_alignment_generated_independently_of_all_comparators	Only unique single-hit substitutions; no recurrent sites. No introduced missing or ambiguous tip calls.
S102	512	unique_only	complete	2	rooted_strictly_bifurcating_with_positive_branch_lengths	ungapped_DNA_fixed_root_sequence_no_recombination	explicit_branch_event_ledger_and_tip_alignment_generated_independently_of_all_comparators	Only unique single-hit substitutions; no recurrent sites. No introduced missing or ambiguous tip calls.
S103	512	unique_only	complete	3	rooted_strictly_bifurcating_with_positive_branch_lengths	ungapped_DNA_fixed_root_sequence_no_recombination	explicit_branch_event_ledger_and_tip_alignment_generated_independently_of_all_comparators	Only unique single-hit substitutions; no recurrent sites. No introduced missing or ambiguous tip calls.
S104	512	unique_only	complete	4	rooted_strictly_bifurcating_with_positive_branch_lengths	ungapped_DNA_fixed_root_sequence_no_recombination	explicit_branch_event_ledger_and_tip_alignment_generated_independently_of_all_comparators	Only unique single-hit substitutions; no recurrent sites. No introduced missing or ambiguous tip calls.
S105	512	unique_only	complete	5	rooted_strictly_bifurcating_with_positive_branch_lengths	ungapped_DNA_fixed_root_sequence_no_recombination	explicit_branch_event_ledger_and_tip_alignment_generated_independently_of_all_comparators	Only unique single-hit substitutions; no recurrent sites. No introduced missing or ambiguous tip calls.
S106	512	unique_only	missing_5pct	1	rooted_strictly_bifurcating_with_positive_branch_lengths	ungapped_DNA_fixed_root_sequence_no_recombination	explicit_branch_event_ledger_and_tip_alignment_generated_independently_of_all_comparators	Only unique single-hit substitutions; no recurrent sites. Exactly 5% of tip-by-variable-site observations replaced by N using the frozen deterministic mask.
S107	512	unique_only	missing_5pct	2	rooted_strictly_bifurcating_with_positive_branch_lengths	ungapped_DNA_fixed_root_sequence_no_recombination	explicit_branch_event_ledger_and_tip_alignment_generated_independently_of_all_comparators	Only unique single-hit substitutions; no recurrent sites. Exactly 5% of tip-by-variable-site observations replaced by N using the frozen deterministic mask.
S108	512	unique_only	missing_5pct	3	rooted_strictly_bifurcating_with_positive_branch_lengths	ungapped_DNA_fixed_root_sequence_no_recombination	explicit_branch_event_ledger_and_tip_alignment_generated_independently_of_all_comparators	Only unique single-hit substitutions; no recurrent sites. Exactly 5% of tip-by-variable-site observations replaced by N using the frozen deterministic mask.
S109	512	unique_only	missing_5pct	4	rooted_strictly_bifurcating_with_positive_branch_lengths	ungapped_DNA_fixed_root_sequence_no_recombination	explicit_branch_event_ledger_and_tip_alignment_generated_independently_of_all_comparators	Only unique single-hit substitutions; no recurrent sites. Exactly 5% of tip-by-variable-site observations replaced by N using the frozen deterministic mask.
S110	512	unique_only	missing_5pct	5	rooted_strictly_bifurcating_with_positive_branch_lengths	ungapped_DNA_fixed_root_sequence_no_recombination	explicit_branch_event_ledger_and_tip_alignment_generated_independently_of_all_comparators	Only unique single-hit substitutions; no recurrent sites. Exactly 5% of tip-by-variable-site observations replaced by N using the frozen deterministic mask.
S111	512	parallel	complete	1	rooted_strictly_bifurcating_with_positive_branch_lengths	ungapped_DNA_fixed_root_sequence_no_recombination	explicit_branch_event_ledger_and_tip_alignment_generated_independently_of_all_comparators	Repeated same ancestral-to-derived substitution on independent branches. No introduced missing or ambiguous tip calls.
S112	512	parallel	complete	2	rooted_strictly_bifurcating_with_positive_branch_lengths	ungapped_DNA_fixed_root_sequence_no_recombination	explicit_branch_event_ledger_and_tip_alignment_generated_independently_of_all_comparators	Repeated same ancestral-to-derived substitution on independent branches. No introduced missing or ambiguous tip calls.
S113	512	parallel	complete	3	rooted_strictly_bifurcating_with_positive_branch_lengths	ungapped_DNA_fixed_root_sequence_no_recombination	explicit_branch_event_ledger_and_tip_alignment_generated_independently_of_all_comparators	Repeated same ancestral-to-derived substitution on independent branches. No introduced missing or ambiguous tip calls.
S114	512	parallel	complete	4	rooted_strictly_bifurcating_with_positive_branch_lengths	ungapped_DNA_fixed_root_sequence_no_recombination	explicit_branch_event_ledger_and_tip_alignment_generated_independently_of_all_comparators	Repeated same ancestral-to-derived substitution on independent branches. No introduced missing or ambiguous tip calls.
S115	512	parallel	complete	5	rooted_strictly_bifurcating_with_positive_branch_lengths	ungapped_DNA_fixed_root_sequence_no_recombination	explicit_branch_event_ledger_and_tip_alignment_generated_independently_of_all_comparators	Repeated same ancestral-to-derived substitution on independent branches. No introduced missing or ambiguous tip calls.
S116	512	parallel	missing_5pct	1	rooted_strictly_bifurcating_with_positive_branch_lengths	ungapped_DNA_fixed_root_sequence_no_recombination	explicit_branch_event_ledger_and_tip_alignment_generated_independently_of_all_comparators	Repeated same ancestral-to-derived substitution on independent branches. Exactly 5% of tip-by-variable-site observations replaced by N using the frozen deterministic mask.
S117	512	parallel	missing_5pct	2	rooted_strictly_bifurcating_with_positive_branch_lengths	ungapped_DNA_fixed_root_sequence_no_recombination	explicit_branch_event_ledger_and_tip_alignment_generated_independently_of_all_comparators	Repeated same ancestral-to-derived substitution on independent branches. Exactly 5% of tip-by-variable-site observations replaced by N using the frozen deterministic mask.
S118	512	parallel	missing_5pct	3	rooted_strictly_bifurcating_with_positive_branch_lengths	ungapped_DNA_fixed_root_sequence_no_recombination	explicit_branch_event_ledger_and_tip_alignment_generated_independently_of_all_comparators	Repeated same ancestral-to-derived substitution on independent branches. Exactly 5% of tip-by-variable-site observations replaced by N using the frozen deterministic mask.
S119	512	parallel	missing_5pct	4	rooted_strictly_bifurcating_with_positive_branch_lengths	ungapped_DNA_fixed_root_sequence_no_recombination	explicit_branch_event_ledger_and_tip_alignment_generated_independently_of_all_comparators	Repeated same ancestral-to-derived substitution on independent branches. Exactly 5% of tip-by-variable-site observations replaced by N using the frozen deterministic mask.
S120	512	parallel	missing_5pct	5	rooted_strictly_bifurcating_with_positive_branch_lengths	ungapped_DNA_fixed_root_sequence_no_recombination	explicit_branch_event_ledger_and_tip_alignment_generated_independently_of_all_comparators	Repeated same ancestral-to-derived substitution on independent branches. Exactly 5% of tip-by-variable-site observations replaced by N using the frozen deterministic mask.
S121	512	convergent	complete	1	rooted_strictly_bifurcating_with_positive_branch_lengths	ungapped_DNA_fixed_root_sequence_no_recombination	explicit_branch_event_ledger_and_tip_alignment_generated_independently_of_all_comparators	Independent branches reach the same derived nucleotide from different ancestral states. No introduced missing or ambiguous tip calls.
S122	512	convergent	complete	2	rooted_strictly_bifurcating_with_positive_branch_lengths	ungapped_DNA_fixed_root_sequence_no_recombination	explicit_branch_event_ledger_and_tip_alignment_generated_independently_of_all_comparators	Independent branches reach the same derived nucleotide from different ancestral states. No introduced missing or ambiguous tip calls.
S123	512	convergent	complete	3	rooted_strictly_bifurcating_with_positive_branch_lengths	ungapped_DNA_fixed_root_sequence_no_recombination	explicit_branch_event_ledger_and_tip_alignment_generated_independently_of_all_comparators	Independent branches reach the same derived nucleotide from different ancestral states. No introduced missing or ambiguous tip calls.
S124	512	convergent	complete	4	rooted_strictly_bifurcating_with_positive_branch_lengths	ungapped_DNA_fixed_root_sequence_no_recombination	explicit_branch_event_ledger_and_tip_alignment_generated_independently_of_all_comparators	Independent branches reach the same derived nucleotide from different ancestral states. No introduced missing or ambiguous tip calls.
S125	512	convergent	complete	5	rooted_strictly_bifurcating_with_positive_branch_lengths	ungapped_DNA_fixed_root_sequence_no_recombination	explicit_branch_event_ledger_and_tip_alignment_generated_independently_of_all_comparators	Independent branches reach the same derived nucleotide from different ancestral states. No introduced missing or ambiguous tip calls.
S126	512	convergent	missing_5pct	1	rooted_strictly_bifurcating_with_positive_branch_lengths	ungapped_DNA_fixed_root_sequence_no_recombination	explicit_branch_event_ledger_and_tip_alignment_generated_independently_of_all_comparators	Independent branches reach the same derived nucleotide from different ancestral states. Exactly 5% of tip-by-variable-site observations replaced by N using the frozen deterministic mask.
S127	512	convergent	missing_5pct	2	rooted_strictly_bifurcating_with_positive_branch_lengths	ungapped_DNA_fixed_root_sequence_no_recombination	explicit_branch_event_ledger_and_tip_alignment_generated_independently_of_all_comparators	Independent branches reach the same derived nucleotide from different ancestral states. Exactly 5% of tip-by-variable-site observations replaced by N using the frozen deterministic mask.
S128	512	convergent	missing_5pct	3	rooted_strictly_bifurcating_with_positive_branch_lengths	ungapped_DNA_fixed_root_sequence_no_recombination	explicit_branch_event_ledger_and_tip_alignment_generated_independently_of_all_comparators	Independent branches reach the same derived nucleotide from different ancestral states. Exactly 5% of tip-by-variable-site observations replaced by N using the frozen deterministic mask.
S129	512	convergent	missing_5pct	4	rooted_strictly_bifurcating_with_positive_branch_lengths	ungapped_DNA_fixed_root_sequence_no_recombination	explicit_branch_event_ledger_and_tip_alignment_generated_independently_of_all_comparators	Independent branches reach the same derived nucleotide from different ancestral states. Exactly 5% of tip-by-variable-site observations replaced by N using the frozen deterministic mask.
S130	512	convergent	missing_5pct	5	rooted_strictly_bifurcating_with_positive_branch_lengths	ungapped_DNA_fixed_root_sequence_no_recombination	explicit_branch_event_ledger_and_tip_alignment_generated_independently_of_all_comparators	Independent branches reach the same derived nucleotide from different ancestral states. Exactly 5% of tip-by-variable-site observations replaced by N using the frozen deterministic mask.
S131	512	reversal	complete	1	rooted_strictly_bifurcating_with_positive_branch_lengths	ungapped_DNA_fixed_root_sequence_no_recombination	explicit_branch_event_ledger_and_tip_alignment_generated_independently_of_all_comparators	At least one derived state reverts to an ancestral nucleotide on a descendant branch. No introduced missing or ambiguous tip calls.
S132	512	reversal	complete	2	rooted_strictly_bifurcating_with_positive_branch_lengths	ungapped_DNA_fixed_root_sequence_no_recombination	explicit_branch_event_ledger_and_tip_alignment_generated_independently_of_all_comparators	At least one derived state reverts to an ancestral nucleotide on a descendant branch. No introduced missing or ambiguous tip calls.
S133	512	reversal	complete	3	rooted_strictly_bifurcating_with_positive_branch_lengths	ungapped_DNA_fixed_root_sequence_no_recombination	explicit_branch_event_ledger_and_tip_alignment_generated_independently_of_all_comparators	At least one derived state reverts to an ancestral nucleotide on a descendant branch. No introduced missing or ambiguous tip calls.
S134	512	reversal	complete	4	rooted_strictly_bifurcating_with_positive_branch_lengths	ungapped_DNA_fixed_root_sequence_no_recombination	explicit_branch_event_ledger_and_tip_alignment_generated_independently_of_all_comparators	At least one derived state reverts to an ancestral nucleotide on a descendant branch. No introduced missing or ambiguous tip calls.
S135	512	reversal	complete	5	rooted_strictly_bifurcating_with_positive_branch_lengths	ungapped_DNA_fixed_root_sequence_no_recombination	explicit_branch_event_ledger_and_tip_alignment_generated_independently_of_all_comparators	At least one derived state reverts to an ancestral nucleotide on a descendant branch. No introduced missing or ambiguous tip calls.
S136	512	reversal	missing_5pct	1	rooted_strictly_bifurcating_with_positive_branch_lengths	ungapped_DNA_fixed_root_sequence_no_recombination	explicit_branch_event_ledger_and_tip_alignment_generated_independently_of_all_comparators	At least one derived state reverts to an ancestral nucleotide on a descendant branch. Exactly 5% of tip-by-variable-site observations replaced by N using the frozen deterministic mask.
S137	512	reversal	missing_5pct	2	rooted_strictly_bifurcating_with_positive_branch_lengths	ungapped_DNA_fixed_root_sequence_no_recombination	explicit_branch_event_ledger_and_tip_alignment_generated_independently_of_all_comparators	At least one derived state reverts to an ancestral nucleotide on a descendant branch. Exactly 5% of tip-by-variable-site observations replaced by N using the frozen deterministic mask.
S138	512	reversal	missing_5pct	3	rooted_strictly_bifurcating_with_positive_branch_lengths	ungapped_DNA_fixed_root_sequence_no_recombination	explicit_branch_event_ledger_and_tip_alignment_generated_independently_of_all_comparators	At least one derived state reverts to an ancestral nucleotide on a descendant branch. Exactly 5% of tip-by-variable-site observations replaced by N using the frozen deterministic mask.
S139	512	reversal	missing_5pct	4	rooted_strictly_bifurcating_with_positive_branch_lengths	ungapped_DNA_fixed_root_sequence_no_recombination	explicit_branch_event_ledger_and_tip_alignment_generated_independently_of_all_comparators	At least one derived state reverts to an ancestral nucleotide on a descendant branch. Exactly 5% of tip-by-variable-site observations replaced by N using the frozen deterministic mask.
S140	512	reversal	missing_5pct	5	rooted_strictly_bifurcating_with_positive_branch_lengths	ungapped_DNA_fixed_root_sequence_no_recombination	explicit_branch_event_ledger_and_tip_alignment_generated_independently_of_all_comparators	At least one derived state reverts to an ancestral nucleotide on a descendant branch. Exactly 5% of tip-by-variable-site observations replaced by N using the frozen deterministic mask.
S141	512	mixed_recurrence	complete	1	rooted_strictly_bifurcating_with_positive_branch_lengths	ungapped_DNA_fixed_root_sequence_no_recombination	explicit_branch_event_ledger_and_tip_alignment_generated_independently_of_all_comparators	Controlled mixture of unique, parallel, convergent and reversal events. No introduced missing or ambiguous tip calls.
S142	512	mixed_recurrence	complete	2	rooted_strictly_bifurcating_with_positive_branch_lengths	ungapped_DNA_fixed_root_sequence_no_recombination	explicit_branch_event_ledger_and_tip_alignment_generated_independently_of_all_comparators	Controlled mixture of unique, parallel, convergent and reversal events. No introduced missing or ambiguous tip calls.
S143	512	mixed_recurrence	complete	3	rooted_strictly_bifurcating_with_positive_branch_lengths	ungapped_DNA_fixed_root_sequence_no_recombination	explicit_branch_event_ledger_and_tip_alignment_generated_independently_of_all_comparators	Controlled mixture of unique, parallel, convergent and reversal events. No introduced missing or ambiguous tip calls.
S144	512	mixed_recurrence	complete	4	rooted_strictly_bifurcating_with_positive_branch_lengths	ungapped_DNA_fixed_root_sequence_no_recombination	explicit_branch_event_ledger_and_tip_alignment_generated_independently_of_all_comparators	Controlled mixture of unique, parallel, convergent and reversal events. No introduced missing or ambiguous tip calls.
S145	512	mixed_recurrence	complete	5	rooted_strictly_bifurcating_with_positive_branch_lengths	ungapped_DNA_fixed_root_sequence_no_recombination	explicit_branch_event_ledger_and_tip_alignment_generated_independently_of_all_comparators	Controlled mixture of unique, parallel, convergent and reversal events. No introduced missing or ambiguous tip calls.
S146	512	mixed_recurrence	missing_5pct	1	rooted_strictly_bifurcating_with_positive_branch_lengths	ungapped_DNA_fixed_root_sequence_no_recombination	explicit_branch_event_ledger_and_tip_alignment_generated_independently_of_all_comparators	Controlled mixture of unique, parallel, convergent and reversal events. Exactly 5% of tip-by-variable-site observations replaced by N using the frozen deterministic mask.
S147	512	mixed_recurrence	missing_5pct	2	rooted_strictly_bifurcating_with_positive_branch_lengths	ungapped_DNA_fixed_root_sequence_no_recombination	explicit_branch_event_ledger_and_tip_alignment_generated_independently_of_all_comparators	Controlled mixture of unique, parallel, convergent and reversal events. Exactly 5% of tip-by-variable-site observations replaced by N using the frozen deterministic mask.
S148	512	mixed_recurrence	missing_5pct	3	rooted_strictly_bifurcating_with_positive_branch_lengths	ungapped_DNA_fixed_root_sequence_no_recombination	explicit_branch_event_ledger_and_tip_alignment_generated_independently_of_all_comparators	Controlled mixture of unique, parallel, convergent and reversal events. Exactly 5% of tip-by-variable-site observations replaced by N using the frozen deterministic mask.
S149	512	mixed_recurrence	missing_5pct	4	rooted_strictly_bifurcating_with_positive_branch_lengths	ungapped_DNA_fixed_root_sequence_no_recombination	explicit_branch_event_ledger_and_tip_alignment_generated_independently_of_all_comparators	Controlled mixture of unique, parallel, convergent and reversal events. Exactly 5% of tip-by-variable-site observations replaced by N using the frozen deterministic mask.
S150	512	mixed_recurrence	missing_5pct	5	rooted_strictly_bifurcating_with_positive_branch_lengths	ungapped_DNA_fixed_root_sequence_no_recombination	explicit_branch_event_ledger_and_tip_alignment_generated_independently_of_all_comparators	Controlled mixture of unique, parallel, convergent and reversal events. Exactly 5% of tip-by-variable-site observations replaced by N using the frozen deterministic mask.
