query_id	concept	query_family	pubmed_query	openalex_parameter	openalex_query	biotools_query
Q01	clade-specific SNP	clade_marker	"(""clade-specific SNP""[Title/Abstract] OR ""clade specific SNP""[Title/Abstract] OR ""clade-specific single nucleotide""[Title/Abstract])"	oql	"works where title/abstract has (""clade-specific SNP"" or ""clade specific SNP"" or ""clade-specific single nucleotide"")"	clade-specific SNP
Q02	lineage-specific SNP	clade_marker	"(""lineage-specific SNP""[Title/Abstract] OR ""lineage specific SNP""[Title/Abstract] OR ""lineage-specific single nucleotide""[Title/Abstract])"	oql	"works where title/abstract has (""lineage-specific SNP"" or ""lineage specific SNP"" or ""lineage-specific single nucleotide"")"	lineage-specific SNP
Q03	canonical SNP	clade_marker	"(""canonical SNP""[Title/Abstract] OR ""canonical single nucleotide polymorphism""[Title/Abstract])"	oql	"works where title/abstract has (""canonical SNP"" or ""canonical single nucleotide polymorphism"")"	canonical SNP
Q04	branch-specific SNP	clade_marker	"(""branch-specific SNP""[Title/Abstract] OR ""branch specific SNP""[Title/Abstract])"	oql	"works where title/abstract has (""branch-specific SNP"" or ""branch specific SNP"")"	branch-specific SNP
Q05	branch-defining SNP	clade_marker	"(""branch-defining SNP""[Title/Abstract] OR ""branch defining SNP""[Title/Abstract])"	oql	"works where title/abstract has (""branch-defining SNP"" or ""branch defining SNP"")"	branch-defining SNP
Q06	lineage-defining SNP	clade_marker	"(""lineage-defining SNP""[Title/Abstract] OR ""lineage defining SNP""[Title/Abstract])"	oql	"works where title/abstract has (""lineage-defining SNP"" or ""lineage defining SNP"")"	lineage-defining SNP
Q07	phylogenetic SNP marker	clade_marker	"(""phylogenetic SNP marker""[Title/Abstract] OR ""phylogenetic SNP markers""[Title/Abstract])"	oql	"works where title/abstract has (""phylogenetic SNP marker"" or ""phylogenetic SNP markers"")"	phylogenetic SNP marker
Q08	node-specific SNP	clade_marker	"(""node-specific SNP""[Title/Abstract] OR ""node specific SNP""[Title/Abstract] OR ""node-associated SNP""[Title/Abstract])"	oql	"works where title/abstract has (""node-specific SNP"" or ""node specific SNP"" or ""node-associated SNP"")"	node-specific SNP
Q09	SNP barcode lineage	genotyping	"((""SNP barcode""[Title/Abstract] OR ""SNP barcoding""[Title/Abstract]) AND lineage[Title/Abstract])"	oql	"works where title/abstract has ((""SNP barcode"" or ""SNP barcoding"") and lineage)"	SNP barcode lineage
Q10	hierarchical SNP genotyping	genotyping	"(""hierarchical SNP""[Title/Abstract] AND (genotyp*[Title/Abstract] OR typing[Title/Abstract]))"	oql	"works where title/abstract has (""hierarchical SNP"" and (genotyping or typing))"	hierarchical SNP genotyping
Q11	ancestral state reconstruction software	ancestral_reconstruction	"((""ancestral state reconstruction""[Title/Abstract] OR ""ancestral character reconstruction""[Title/Abstract]) AND (software[Title/Abstract] OR tool[Title/Abstract] OR package[Title/Abstract] OR algorithm[Title/Abstract] OR method[Title/Abstract]))"	oql	"works where title/abstract has ((""ancestral state reconstruction"" or ""ancestral character reconstruction"") and (software or tool or package or algorithm or method))"	ancestral state reconstruction
Q12	ancestral sequence reconstruction software	ancestral_reconstruction	"(""ancestral sequence reconstruction""[Title/Abstract] AND (software[Title/Abstract] OR tool[Title/Abstract] OR package[Title/Abstract] OR algorithm[Title/Abstract] OR method[Title/Abstract]))"	oql	"works where title/abstract has (""ancestral sequence reconstruction"" and (software or tool or package or algorithm or method))"	ancestral sequence reconstruction
Q13	mutation mapping phylogeny	branch_mapping	"((""mutation mapping""[Title/Abstract] OR ""mapping mutations""[Title/Abstract]) AND phylogen*[Title/Abstract])"	oql	"works where title/abstract has ((""mutation mapping"" or ""mapping mutations"") and (phylogeny or phylogenetic))"	mutation mapping phylogeny
Q14	substitution mapping phylogeny	branch_mapping	"((""substitution mapping""[Title/Abstract] OR ""mapping substitutions""[Title/Abstract]) AND phylogen*[Title/Abstract])"	oql	"works where title/abstract has ((""substitution mapping"" or ""mapping substitutions"") and (phylogeny or phylogenetic))"	substitution mapping phylogeny
Q15	branch substitution reconstruction	branch_mapping	"((""branch substitution""[Title/Abstract] OR ""branch-specific substitution""[Title/Abstract]) AND (reconstruct*[Title/Abstract] OR infer*[Title/Abstract] OR map*[Title/Abstract]))"	oql	"works where title/abstract has ((""branch substitution"" or ""branch-specific substitution"") and (reconstruction or reconstruct or inference or infer or mapping or map))"	branch substitution reconstruction
Q16	homoplasy detection phylogeny	homoplasy	(homoplas*[Title/Abstract] AND (detect*[Title/Abstract] OR identif*[Title/Abstract]) AND phylogen*[Title/Abstract])	oql	works where title/abstract has ((homoplasy or homoplastic or homoplasies) and (detection or detect or identification or identify) and (phylogeny or phylogenetic))	homoplasy detection phylogeny
Q17	recurrent mutation phylogeny	homoplasy	"(""recurrent mutation""[Title/Abstract] AND phylogen*[Title/Abstract] AND (software[Title/Abstract] OR tool[Title/Abstract] OR method[Title/Abstract] OR algorithm[Title/Abstract]))"	oql	"works where title/abstract has (""recurrent mutation"" and (phylogeny or phylogenetic) and (software or tool or method or algorithm))"	recurrent mutation phylogeny
Q18	clade-specific polymorphism	clade_marker	"((""clade-specific polymorphism""[Title/Abstract] OR ""clade specific polymorphism""[Title/Abstract]) AND (SNP[Title/Abstract] OR nucleotide[Title/Abstract] OR genomic[Title/Abstract]))"	oql	"works where title/abstract has ((""clade-specific polymorphism"" or ""clade specific polymorphism"") and (SNP or nucleotide or genomic))"	clade-specific polymorphism
