freeze_commit	authorization_commit	subject
2d05249319fe976a373f1142672dbbfdf3bf48b3	c4d9b63c32c5760c61997e6ea709da8e65374300	Freeze PastML ambiguity adapter amendment v1
6c18db058b7e4b9f71f3e499fdf08d094ca5e1d8	73305654e20a7d2e9b62a73166bb5c7de8c25a54	Freeze SNPPar environment amendment v1
9185bef84d69fb3458b07676c11d0864027f2f9d	86eb4cc4529ad378ab1577e164e84574cdc55421	Freeze SNPPar reference fixture amendment v1
48dda211b90141f8eddfb112e6a4a44c56b44487	7b50f538154c4070b956c1fbe99cc7627f819acf	Freeze HomoplasyFinder CLI amendment v1
ba8f0300f7da7b221c36ac7de034e8308eb23f5a	d77443ffabd932adfc34df51932108f56fb8379b	Freeze HomoplasyFinder parser amendment v1
d718ae7d9b0be91e2c923c6fdee007cc55443ae1	a591b04e2ceefd04931b237705585b9e863916d0	Freeze PAML tree serializer amendment v1
f1fae83c8bfd5cf7047b7d9e2d6c68a18c27a72a	81c694388d5f5eed5249003785aa91813025fb75	Freeze PAML node mapping amendment v1
e30aaa28f6faf1ce21076bfdc0b39d7c65650b5a	e040e475aa2b14359d71a79bc838c3e697f2f13d	Freeze FastML build environment amendment v1
2c3e36701f55c67a1ac7ab30a4936350bde2ab58	746e62bb6969652aaf313aa59d045dacd506e7ac	Freeze FastML build environment amendment v2
c276deafe47e1e8fcb5d09b5d44437ec59e90ded	179293f6433e85ba0e594514fe32b3f79198273c	Freeze FastML run contract amendment v1
b0f9c309debe677a12743fe03e7a4f32864b26b4	b196bf85b77d2540d83b8a2ec4a97eb1d309e6a7	Freeze FastML node mapping amendment v1
89b530ec4646975ce7aec296172e8d7a2fd82eff	63d4a7e180b15ec5bdee58537419e41c49a09206	Freeze POUTINE run contract amendment v1
a641ef2912422f7b005e670ada24f21f612dd0e9	2a723b4ae671ba5cf133a117775353fa1dc1c1b7	Freeze ARPIP build contract amendment
36997e1267bdd12fa55f4dfcbb692ecde082d138	47a9fd298cf20e338ab0825241a683f25a655bb5	Freeze ARPIP node mapping amendment v1
5f92bceda58f5828d238007c1859b5c2636536fa	3c443874826604b010b6fbdc7716b08fbe959c16	Freeze environment recipe smoke resolution
