seed_tool	matched_aliases	search_stage	source	query_id	query_family	source_record_id	entity_type	title_or_name	year	doi	pmid	source_url
BioHansel	BioHansel	formal	biotools	Q03	clade_marker	biohansel	software_registry	BioHansel		10.1101/2020.01.10.902056		https://bio.tools/biohansel
BioHansel	BioHansel	formal	biotools	Q10	genotyping	biohansel	software_registry	BioHansel		10.1101/2020.01.10.902056		https://bio.tools/biohansel
BioHansel	BioHansel	high_recall	openalex	HR01	high_recall_clade_marker	W3200050118	publication	Rapid and accurate SNP genotyping of clonal bacterial pathogens with BioHansel	2021	10.1099/mgen.0.000651	34554082	https://openalex.org/W3200050118
BioHansel	BioHansel	high_recall	openalex	HR01	high_recall_clade_marker	W2999739138	publication	Rapid and accurate SNP genotyping of clonal bacterial pathogens with BioHansel	2020	10.1101/2020.01.10.902056		https://openalex.org/W2999739138
BioHansel	BioHansel	high_recall	openalex	HR05	high_recall_genotyping	W3200050118	publication	Rapid and accurate SNP genotyping of clonal bacterial pathogens with BioHansel	2021	10.1099/mgen.0.000651	34554082	https://openalex.org/W3200050118
BioHansel	BioHansel	high_recall	openalex	HR05	high_recall_genotyping	W2999739138	publication	Rapid and accurate SNP genotyping of clonal bacterial pathogens with BioHansel	2020	10.1101/2020.01.10.902056		https://openalex.org/W2999739138
BioHansel	BioHansel	formal	openalex	Q03	clade_marker	W2999739138	publication	Rapid and accurate SNP genotyping of clonal bacterial pathogens with BioHansel	2020	10.1101/2020.01.10.902056		https://openalex.org/W2999739138
BioHansel	BioHansel	formal	openalex	Q10	genotyping	W3200050118	publication	Rapid and accurate SNP genotyping of clonal bacterial pathogens with BioHansel	2021	10.1099/mgen.0.000651	34554082	https://openalex.org/W3200050118
BioHansel	BioHansel	high_recall	pubmed	HR01	high_recall_clade_marker	34554082	publication	Rapid and accurate SNP genotyping of clonal bacterial pathogens with BioHansel.	2021	10.1099/mgen.0.000651	34554082	https://pubmed.ncbi.nlm.nih.gov/34554082/
BioHansel	BioHansel	high_recall	pubmed	HR05	high_recall_genotyping	34554082	publication	Rapid and accurate SNP genotyping of clonal bacterial pathogens with BioHansel.	2021	10.1099/mgen.0.000651	34554082	https://pubmed.ncbi.nlm.nih.gov/34554082/
BRANCHSNV	BRANCHSNV	high_recall	biotools	HR03	high_recall_ancestral_reconstruction	branchsnv	software_registry	BRANCHSNV				https://bio.tools/branchsnv
BRANCHSNV	BRANCHSNV	formal	biotools	Q11	ancestral_reconstruction	branchsnv	software_registry	BRANCHSNV				https://bio.tools/branchsnv
BRANCHSNV	BRANCHSNV	formal	biotools	Q12	ancestral_reconstruction	branchsnv	software_registry	BRANCHSNV				https://bio.tools/branchsnv
BRANCHSNV	BRANCHSNV	formal	biotools	Q15	branch_mapping	branchsnv	software_registry	BRANCHSNV				https://bio.tools/branchsnv
BRANCHSNV	BRANCHSNV	high_recall	openalex	HR02	high_recall_branch_mapping	W7202345963	publication	BRANCHSNV	2026	10.5281/zenodo.21919037		https://openalex.org/W7202345963
BRANCHSNV	BRANCHSNV	high_recall	openalex	HR02	high_recall_branch_mapping	W7202367096	publication	BRANCHSNV	2026	10.5281/zenodo.21919038		https://openalex.org/W7202367096
CanSNPer	CanSNPer	formal	biotools	Q03	clade_marker	cansnper	software_registry	CanSNPer		10.1093/bioinformatics/btu113	24574113	https://bio.tools/cansnper
CLASSICO/Evidente	Evidente	high_recall	openalex	HR01	high_recall_clade_marker	W4306166225	publication	Evidente—a visual analytics tool for data enrichment in SNP-based phylogenetic trees	2022	10.1093/bioadv/vbac075	36699377	https://openalex.org/W4306166225
CLASSICO/Evidente	Evidente	high_recall	pubmed	HR01	high_recall_clade_marker	36699377	publication	Evidente-a visual analytics tool for data enrichment in SNP-based phylogenetic trees.	2022	10.1093/bioadv/vbac075	36699377	https://pubmed.ncbi.nlm.nih.gov/36699377/
fastlin	fastlin	high_recall	openalex	HR01	high_recall_clade_marker	W4387872798	publication	fastlin: an ultra-fast program for Mycobacterium tuberculosis complex lineage typing	2023	10.1093/bioinformatics/btad648	37871178	https://openalex.org/W4387872798
fastlin	fastlin	high_recall	openalex	HR01	high_recall_clade_marker	W4384024894	publication	fastlin: an ultra-fast program for Mycobacterium tuberculosis complex lineage typing	2023	10.1101/2023.07.11.548517		https://openalex.org/W4384024894
fastlin	fastlin	high_recall	openalex	HR05	high_recall_genotyping	W4384024894	publication	fastlin: an ultra-fast program for Mycobacterium tuberculosis complex lineage typing	2023	10.1101/2023.07.11.548517		https://openalex.org/W4384024894
fastlin	fastlin	high_recall	pubmed	HR01	high_recall_clade_marker	37871178	publication	fastlin: an ultra-fast program for Mycobacterium tuberculosis complex lineage typing.	2023	10.1093/bioinformatics/btad648	37871178	https://pubmed.ncbi.nlm.nih.gov/37871178/
FastML	FastML	high_recall	biotools	HR03	high_recall_ancestral_reconstruction	fastml	software_registry	FastML		10.1093/nar/gks498	22661579	https://bio.tools/fastml
FastML	FastML	formal	biotools	Q12	ancestral_reconstruction	fastml	software_registry	FastML		10.1093/nar/gks498	22661579	https://bio.tools/fastml
FastML	FastML	formal	openalex	Q12	ancestral_reconstruction	W2144606496	publication	FastML: a web server for probabilistic reconstruction of ancestral sequences	2012	10.1093/nar/gks498	22661579	https://openalex.org/W2144606496
FastML	FastML	high_recall	pubmed	HR03	high_recall_ancestral_reconstruction	22661579	publication	FastML: a web server for probabilistic reconstruction of ancestral sequences.	2012	10.1093/nar/gks498	22661579	https://pubmed.ncbi.nlm.nih.gov/22661579/
FastML	FastML	formal	pubmed	Q12	ancestral_reconstruction	22661579	publication	FastML: a web server for probabilistic reconstruction of ancestral sequences.	2012	10.1093/nar/gks498	22661579	https://pubmed.ncbi.nlm.nih.gov/22661579/
GenoTyphi	GenoTyphi	high_recall	openalex	HR05	high_recall_genotyping	W3157626993	publication	Five Years of GenoTyphi: Updates to the Global Salmonella Typhi Genotyping Framework	2021	10.1093/infdis/jiab414	34453548	https://openalex.org/W3157626993
GenoTyphi	GenoTyphi	high_recall	openalex	HR05	high_recall_genotyping	W3196197938	publication	Five years of GenoTyphi: updates to the global Salmonella Typhi genotyping framework	2021	10.1101/2021.04.28.441766		https://openalex.org/W3196197938
GenoTyphi	GenoTyphi	high_recall	pubmed	HR05	high_recall_genotyping	34453548	publication	Five Years of GenoTyphi: Updates to the Global Salmonella Typhi Genotyping Framework.	2021	10.1093/infdis/jiab414	34453548	https://pubmed.ncbi.nlm.nih.gov/34453548/
Gubbins	Gubbins	high_recall	biotools	HR03	high_recall_ancestral_reconstruction	gubbins	software_registry	Gubbins		10.1093/nar/gku1196	25414349	https://bio.tools/gubbins
Gubbins	Gubbins	formal	biotools	Q12	ancestral_reconstruction	gubbins	software_registry	Gubbins		10.1093/nar/gku1196	25414349	https://bio.tools/gubbins
Gubbins	Gubbins	high_recall	pubmed	HR04	high_recall_homoplasy	25414349	publication	Rapid phylogenetic analysis of large samples of recombinant bacterial whole genome sequences using Gubbins.	2015	10.1093/nar/gku1196	25414349	https://pubmed.ncbi.nlm.nih.gov/25414349/
HomoplasyFinder	HomoplasyFinder	high_recall	openalex	HR04	high_recall_homoplasy	W2913512063	publication	HomoplasyFinder: a simple tool to identify homoplasies on a phylogeny	2019	10.1099/mgen.0.000245	30663960	https://openalex.org/W2913512063
HomoplasyFinder	HomoplasyFinder	formal	openalex	Q16	homoplasy	W2913512063	publication	HomoplasyFinder: a simple tool to identify homoplasies on a phylogeny	2019	10.1099/mgen.0.000245	30663960	https://openalex.org/W2913512063
HomoplasyFinder	HomoplasyFinder	high_recall	pubmed	HR04	high_recall_homoplasy	30663960	publication	HomoplasyFinder: a simple tool to identify homoplasies on a phylogeny.	2019	10.1099/mgen.0.000245	30663960	https://pubmed.ncbi.nlm.nih.gov/30663960/
HomoplasyFinder	HomoplasyFinder	formal	pubmed	Q16	homoplasy	30663960	publication	HomoplasyFinder: a simple tool to identify homoplasies on a phylogeny.	2019	10.1099/mgen.0.000245	30663960	https://pubmed.ncbi.nlm.nih.gov/30663960/
IQ-TREE 2	IQ-TREE	high_recall	openalex	HR02	high_recall_branch_mapping	W4410133550	publication	IQ2MC: A New Framework to Infer Phylogenetic Time Trees Using IQ-TREE 3 and MCMCTree with Mixture Models	2025	10.32942/x2cd2x		https://openalex.org/W4410133550
IQ-TREE 2	IQ-TREE	high_recall	openalex	HR02	high_recall_branch_mapping	W7206202019	publication	IQ2MC: A New Framework to Infer Phylogenetic Time Trees Using IQ-TREE 3 and MCMCtree with Mixture Models	2025	10.5281/zenodo.22239741		https://openalex.org/W7206202019
kSNP3.0	kSNP	high_recall	openalex	HR01	high_recall_clade_marker	W2009525409	publication	Effects of sequence diversity and recombination on the accuracy of phylogenetic trees estimated by kSNP	2015	10.1111/cla.12113	34732024	https://openalex.org/W2009525409
kSNP3.0	kSNP	high_recall	pubmed	HR01	high_recall_clade_marker	34732024	publication	Effects of sequence diversity and recombination on the accuracy of phylogenetic trees estimated by kSNP.	2016	10.1111/cla.12113	34732024	https://pubmed.ncbi.nlm.nih.gov/34732024/
KvarQ	KvarQ	high_recall	openalex	HR01	high_recall_clade_marker	W2158100429	publication	KvarQ: targeted and direct variant calling from fastq reads of bacterial genomes	2014	10.1186/1471-2164-15-881	25297886	https://openalex.org/W2158100429
KvarQ	KvarQ	high_recall	pubmed	HR01	high_recall_clade_marker	25297886	publication	KvarQ: targeted and direct variant calling from fastq reads of bacterial genomes.	2014	10.1186/1471-2164-15-881	25297886	https://pubmed.ncbi.nlm.nih.gov/25297886/
PAML	PAML	high_recall	openalex	HR05	high_recall_genotyping	W2508699889	publication	LMAP: Lightweight Multigene Analyses in PAML	2016	10.1186/s12859-016-1204-5	27597435	https://openalex.org/W2508699889
PAML	PAML	high_recall	openalex	HR03	high_recall_ancestral_reconstruction	W2110335151	publication	PAML 4: Phylogenetic Analysis by Maximum Likelihood	2007	10.1093/molbev/msm088	17483113	https://openalex.org/W2110335151
PAML	PAML	high_recall	pubmed	HR03	high_recall_ancestral_reconstruction	17483113	publication	PAML 4: phylogenetic analysis by maximum likelihood.	2007	10.1093/molbev/msm088	17483113	https://pubmed.ncbi.nlm.nih.gov/17483113/
PastML	PastML	high_recall	biotools	HR03	high_recall_ancestral_reconstruction	PastML	software_registry	PastML		10.1093/molbev/msz131	31127303	https://bio.tools/PastML
PAUP*	PAUP*	high_recall	openalex	HR02	high_recall_branch_mapping	W2112606145	publication	Phylogeny Estimation and Alignment via POY versus Clustal + PAUP*: A Response to Ogden and Rosenberg (2007)	2008	10.1080/10635150802302476	18709601	https://openalex.org/W2112606145
PAUP*	PAUP*	high_recall	openalex	HR03	high_recall_ancestral_reconstruction	W2495967043	publication	Phylogeny inference based on parsimony and other methods using PAUP	2009	10.1017/cbo9780511819049.010		https://openalex.org/W2495967043
PAUP*	PAUP*	high_recall	openalex	HR05	high_recall_genotyping	W2171760541	publication	Platyrrhines, PAUP, parallelism, and the Long Lineage Hypothesis: A reply to	2010	10.1016/j.jhevol.2010.03.003	20627357	https://openalex.org/W2171760541
phangorn	phangorn	formal	openalex	Q12	ancestral_reconstruction	W7208959525	publication	Ancestral sequence reconstruction with phangorn (Version 1.7-0)	2012			https://openalex.org/W7208959525
RAxML	RAxML	high_recall	openalex	HR04	high_recall_homoplasy	W7128607647	publication	Advanced Substitution Model Selection Methods in RAxML-NG	2025	10.5445/ir/1000190434		https://openalex.org/W7128607647
RAxML	RAxML	high_recall	openalex	HR01	high_recall_clade_marker	W7166810931	publication	DNA_RNA_RAxML Phylogenetic Trees of North American and global isolates of Puccinia triticina	2026	10.5281/zenodo.21088585		https://openalex.org/W7166810931
RAxML	RAxML	high_recall	openalex	HR01	high_recall_clade_marker	W7166875223	publication	DNA_RNA_RAxML Phylogenetic Trees of North American and global isolates of Puccinia triticina	2026	10.5281/zenodo.21088586		https://openalex.org/W7166875223
RAxML	RAxML	high_recall	openalex	HR02	high_recall_branch_mapping	W7166810931	publication	DNA_RNA_RAxML Phylogenetic Trees of North American and global isolates of Puccinia triticina	2026	10.5281/zenodo.21088585		https://openalex.org/W7166810931
RAxML	RAxML	high_recall	openalex	HR02	high_recall_branch_mapping	W7166875223	publication	DNA_RNA_RAxML Phylogenetic Trees of North American and global isolates of Puccinia triticina	2026	10.5281/zenodo.21088586		https://openalex.org/W7166875223
RAxML	RAxML	high_recall	openalex	HR05	high_recall_genotyping	W7166810931	publication	DNA_RNA_RAxML Phylogenetic Trees of North American and global isolates of Puccinia triticina	2026	10.5281/zenodo.21088585		https://openalex.org/W7166810931
RAxML	RAxML	high_recall	openalex	HR05	high_recall_genotyping	W7166875223	publication	DNA_RNA_RAxML Phylogenetic Trees of North American and global isolates of Puccinia triticina	2026	10.5281/zenodo.21088586		https://openalex.org/W7166875223
SKA	SKA	high_recall	openalex	HR05	high_recall_genotyping	W7163887248	publication	Latilactobacillus parasakei sp. nov., isolated from freshwater puddles near Skálholt, Iceland, and emended description of the genus Latilactobacillus	2026	10.1099/ijsem.0.007189	42258303	https://openalex.org/W7163887248
SKA	SKA	high_recall	openalex	HR04	high_recall_homoplasy	W2018199727	publication	Merger of taxa and the definition of monophyly (reply to Jan Zrzavý and Zdeněk Skála)	1993	10.1016/0303-2647(93)90041-a		https://openalex.org/W2018199727
SKA	SKA	high_recall	pubmed	HR05	high_recall_genotyping	42258303	publication	Latilactobacillus parasakei sp. nov., isolated from freshwater puddles near Skálholt, Iceland, and emended description of the genus Latilactobacillus.	2026	10.1099/ijsem.0.007189	42258303	https://pubmed.ncbi.nlm.nih.gov/42258303/
SNPPar	SNPPar	high_recall	biotools	HR03	high_recall_ancestral_reconstruction	snppar	software_registry	SNPPar		10.1101/2020.07.08.194480		https://bio.tools/snppar
SNPPar	SNPPar	high_recall	biotools	HR04	high_recall_homoplasy	snppar	software_registry	SNPPar		10.1101/2020.07.08.194480		https://bio.tools/snppar
SNPPar	SNPPar	formal	biotools	Q01	clade_marker	snppar	software_registry	SNPPar		10.1101/2020.07.08.194480		https://bio.tools/snppar
SNPPar	SNPPar	formal	biotools	Q02	clade_marker	snppar	software_registry	SNPPar		10.1101/2020.07.08.194480		https://bio.tools/snppar
SNPPar	SNPPar	formal	biotools	Q04	clade_marker	snppar	software_registry	SNPPar		10.1101/2020.07.08.194480		https://bio.tools/snppar
SNPPar	SNPPar	formal	biotools	Q05	clade_marker	snppar	software_registry	SNPPar		10.1101/2020.07.08.194480		https://bio.tools/snppar
SNPPar	SNPPar	formal	biotools	Q06	clade_marker	snppar	software_registry	SNPPar		10.1101/2020.07.08.194480		https://bio.tools/snppar
SNPPar	SNPPar	formal	biotools	Q08	clade_marker	snppar	software_registry	SNPPar		10.1101/2020.07.08.194480		https://bio.tools/snppar
SNPPar	SNPPar	formal	biotools	Q11	ancestral_reconstruction	snppar	software_registry	SNPPar		10.1101/2020.07.08.194480		https://bio.tools/snppar
SNPPar	SNPPar	formal	biotools	Q12	ancestral_reconstruction	snppar	software_registry	SNPPar		10.1101/2020.07.08.194480		https://bio.tools/snppar
SNPPar	SNPPar	formal	biotools	Q16	homoplasy	snppar	software_registry	SNPPar		10.1101/2020.07.08.194480		https://bio.tools/snppar
SNPPar	SNPPar	formal	biotools	Q18	clade_marker	snppar	software_registry	SNPPar		10.1101/2020.07.08.194480		https://bio.tools/snppar
SNPPar	SNPPar	high_recall	openalex	HR01	high_recall_clade_marker	W4225492844	publication	SNPPar: identifying convergent evolution and other homoplasies from microbial whole-genome alignments	2021	10.1099/mgen.0.000694	34874243	https://openalex.org/W4225492844
SNPPar	SNPPar	high_recall	openalex	HR01	high_recall_clade_marker	W3041660225	publication	SNPPar: identifying convergent evolution and other homoplasies from microbial whole-genome alignments	2020	10.1101/2020.07.08.194480		https://openalex.org/W3041660225
SNPPar	SNPPar	high_recall	openalex	HR02	high_recall_branch_mapping	W4225492844	publication	SNPPar: identifying convergent evolution and other homoplasies from microbial whole-genome alignments	2021	10.1099/mgen.0.000694	34874243	https://openalex.org/W4225492844
SNPPar	SNPPar	high_recall	openalex	HR02	high_recall_branch_mapping	W3041660225	publication	SNPPar: identifying convergent evolution and other homoplasies from microbial whole-genome alignments	2020	10.1101/2020.07.08.194480		https://openalex.org/W3041660225
SNPPar	SNPPar	high_recall	openalex	HR04	high_recall_homoplasy	W4225492844	publication	SNPPar: identifying convergent evolution and other homoplasies from microbial whole-genome alignments	2021	10.1099/mgen.0.000694	34874243	https://openalex.org/W4225492844
SNPPar	SNPPar	high_recall	openalex	HR04	high_recall_homoplasy	W3041660225	publication	SNPPar: identifying convergent evolution and other homoplasies from microbial whole-genome alignments	2020	10.1101/2020.07.08.194480		https://openalex.org/W3041660225
SNPPar	SNPPar	formal	openalex	Q11	ancestral_reconstruction	W4225492844	publication	SNPPar: identifying convergent evolution and other homoplasies from microbial whole-genome alignments	2021	10.1099/mgen.0.000694	34874243	https://openalex.org/W4225492844
SNPPar	SNPPar	formal	openalex	Q11	ancestral_reconstruction	W3041660225	publication	SNPPar: identifying convergent evolution and other homoplasies from microbial whole-genome alignments	2020	10.1101/2020.07.08.194480		https://openalex.org/W3041660225
SNPPar	SNPPar	high_recall	pubmed	HR01	high_recall_clade_marker	34874243	publication	SNPPar: identifying convergent evolution and other homoplasies from microbial whole-genome alignments.	2021	10.1099/mgen.0.000694	34874243	https://pubmed.ncbi.nlm.nih.gov/34874243/
SNPPar	SNPPar	high_recall	pubmed	HR02	high_recall_branch_mapping	34874243	publication	SNPPar: identifying convergent evolution and other homoplasies from microbial whole-genome alignments.	2021	10.1099/mgen.0.000694	34874243	https://pubmed.ncbi.nlm.nih.gov/34874243/
SNPPar	SNPPar	high_recall	pubmed	HR03	high_recall_ancestral_reconstruction	34874243	publication	SNPPar: identifying convergent evolution and other homoplasies from microbial whole-genome alignments.	2021	10.1099/mgen.0.000694	34874243	https://pubmed.ncbi.nlm.nih.gov/34874243/
SNPPar	SNPPar	high_recall	pubmed	HR04	high_recall_homoplasy	34874243	publication	SNPPar: identifying convergent evolution and other homoplasies from microbial whole-genome alignments.	2021	10.1099/mgen.0.000694	34874243	https://pubmed.ncbi.nlm.nih.gov/34874243/
SNPPar	SNPPar	formal	pubmed	Q11	ancestral_reconstruction	34874243	publication	SNPPar: identifying convergent evolution and other homoplasies from microbial whole-genome alignments.	2021	10.1099/mgen.0.000694	34874243	https://pubmed.ncbi.nlm.nih.gov/34874243/
SNPPar	SNPPar	formal	pubmed	Q16	homoplasy	34874243	publication	SNPPar: identifying convergent evolution and other homoplasies from microbial whole-genome alignments.	2021	10.1099/mgen.0.000694	34874243	https://pubmed.ncbi.nlm.nih.gov/34874243/
SNVPhyl	SNVPhyl	high_recall	openalex	HR01	high_recall_clade_marker	W2580304768	publication	Outbreak surveillance and investigation using IRIDA and SNVPhyl	2016	10.7490/f1000research.1112511.1		https://openalex.org/W2580304768
SNVPhyl	SNVPhyl	high_recall	openalex	HR01	high_recall_clade_marker	W4416568762	publication	Outbreak surveillance and investigation using IRIDA and SNVPhyl	2016	10.7490/f1000research.1112590.1		https://openalex.org/W4416568762
SNVPhyl	SNVPhyl	high_recall	pubmed	HR01	high_recall_clade_marker	29026651	publication	SNVPhyl: a single nucleotide variant phylogenomics pipeline for microbial genomic epidemiology.	2017	10.1099/mgen.0.000116	29026651	https://pubmed.ncbi.nlm.nih.gov/29026651/
SubRecon	SubRecon	high_recall	openalex	HR02	high_recall_branch_mapping	W2790443345	publication	SubRecon: ancestral reconstruction of amino acid substitutions along a branch in a phylogeny	2018	10.1093/bioinformatics/bty101	29506148	https://openalex.org/W2790443345
SubRecon	SubRecon	high_recall	pubmed	HR02	high_recall_branch_mapping	29506148	publication	SubRecon: ancestral reconstruction of amino acid substitutions along a branch in a phylogeny.	2018	10.1093/bioinformatics/bty101	29506148	https://pubmed.ncbi.nlm.nih.gov/29506148/
SubRecon	SubRecon	high_recall	pubmed	HR03	high_recall_ancestral_reconstruction	29506148	publication	SubRecon: ancestral reconstruction of amino acid substitutions along a branch in a phylogeny.	2018	10.1093/bioinformatics/bty101	29506148	https://pubmed.ncbi.nlm.nih.gov/29506148/
TreeTime	TreeTime	high_recall	openalex	HR02	high_recall_branch_mapping	W2124288299	publication	TreeTime: an extensible C++ software package for Bayesian phylogeny reconstruction with time-calibration	2009	10.1093/bioinformatics/btp417	19578040	https://openalex.org/W2124288299
TreeTime	TreeTime	high_recall	openalex	HR03	high_recall_ancestral_reconstruction	W2668254663	publication	TreeTime: maximum likelihood phylodynamic analysis	2017	10.1101/153494		https://openalex.org/W2668254663
TreeTime	TreeTime	high_recall	openalex	HR03	high_recall_ancestral_reconstruction	W2951878836	publication	TreeTime: Maximum-likelihood phylodynamic analysis	2017	10.1093/ve/vex042	29340210	https://openalex.org/W2951878836
TreeTime	TreeTime	high_recall	pubmed	HR02	high_recall_branch_mapping	19578040	publication	TreeTime: an extensible C++ software package for Bayesian phylogeny reconstruction with time-calibration.	2009	10.1093/bioinformatics/btp417	19578040	https://pubmed.ncbi.nlm.nih.gov/19578040/
TreeTime	TreeTime	high_recall	pubmed	HR03	high_recall_ancestral_reconstruction	29340210	publication	TreeTime: Maximum-likelihood phylodynamic analysis.	2018	10.1093/ve/vex042	29340210	https://pubmed.ncbi.nlm.nih.gov/29340210/
vSNP	vSNP	high_recall	openalex	HR01	high_recall_clade_marker	W4399268353	publication	vSNP: a SNP pipeline for the generation of transparent SNP matrices and phylogenetic trees from whole genome sequencing data sets	2024	10.1186/s12864-024-10437-5	38822271	https://openalex.org/W4399268353
vSNP	vSNP	high_recall	pubmed	HR01	high_recall_clade_marker	38822271	publication	vSNP: a SNP pipeline for the generation of transparent SNP matrices and phylogenetic trees from whole genome sequencing data sets.	2024	10.1186/s12864-024-10437-5	38822271	https://pubmed.ncbi.nlm.nih.gov/38822271/
