wave	anchor_id	anchor_tool	direction	snapshot_attempt	status	retryable	pre_count	post_count	oci_row_count	creation_row_count	oci_complete_row_sha256	creation_complete_row_sha256	oci_set_sha256	creation_oci_set_sha256	complete_row_sets_equal	oci_sets_equal	production_axis	provider_reconciliation_candidate	provider_reconciliation	provider_reconciled_row_count	provider_reconciled_complete_row_sha256	provider_reconciled_oci_set_sha256	provider_alias_pair_count	provider_missing_row_count	provider_discrepant_oci_count	provider_direct_lookup_count	oci_leaf_count	creation_leaf_count	oci_max_recursion_depth	creation_max_recursion_depth	response_files	terminal_detail
0	W0A01	CLASSICO/Evidente	backward	1	accepted	False	28	28	28	28	fa075b0098b899b4dc0dba79cbac5e5ee0b7b4ecead29ff36035b23a0e71ea62	fa075b0098b899b4dc0dba79cbac5e5ee0b7b4ecead29ff36035b23a0e71ea62	12165aa9f77be0727d9071e87cbbe94e59dac382aead9cd35a5ff916d0c7a6d4	12165aa9f77be0727d9071e87cbbe94e59dac382aead9cd35a5ff916d0c7a6d4	True	True	oci	False	False							0	10	12	0	0	24	stable counts and exact dual-axis row/OCI agreement
0	W0A01	CLASSICO/Evidente	forward	1	accepted	False	3	3	3	3	3891a4d5c678cc666e8177826e22ee626238e000f3b865abbf3a96eac89c7222	3891a4d5c678cc666e8177826e22ee626238e000f3b865abbf3a96eac89c7222	6212caab8bd72a94be6e8dc0df8a509f1b6c65693d78cfbda88523ef8893e3f6	6212caab8bd72a94be6e8dc0df8a509f1b6c65693d78cfbda88523ef8893e3f6	True	True	oci	False	False							0	10	12	0	0	24	stable counts and exact dual-axis row/OCI agreement
0	W0A02	SNPPar	backward	1	accepted	False	42	42	42	42	174cc435992a250f58bc451a7d351260e0328571b3ec96e870810b5a51ca35ea	174cc435992a250f58bc451a7d351260e0328571b3ec96e870810b5a51ca35ea	fe44e8375893d37d2cc8be6a7c227fdac5d509f11971ebd5cd26b61177e58127	fe44e8375893d37d2cc8be6a7c227fdac5d509f11971ebd5cd26b61177e58127	True	True	oci	False	False							0	10	12	0	0	24	stable counts and exact dual-axis row/OCI agreement
0	W0A02	SNPPar	forward	1	accepted	False	16	16	16	16	60b29202f60aa559e3049209e207c3d7dcff25c9e661686fb5571cd9ac736a23	60b29202f60aa559e3049209e207c3d7dcff25c9e661686fb5571cd9ac736a23	30b6b304a3ad364fae68996223c385b1fb7c6b86c175abbcf5432a56c90646b9	30b6b304a3ad364fae68996223c385b1fb7c6b86c175abbcf5432a56c90646b9	True	True	oci	False	False							0	10	12	0	0	24	stable counts and exact dual-axis row/OCI agreement
0	W0A03	SubRecon	backward	1	accepted	False	10	10	10	10	c7a34114d2041086244874d0c7e7a0f33b774e2bb0c70f8d04145bdb89c00299	c7a34114d2041086244874d0c7e7a0f33b774e2bb0c70f8d04145bdb89c00299	bdb2fc53dacd7f14293431531867b10bc5b8c41e1f93d51205c156ccfd2bf74d	bdb2fc53dacd7f14293431531867b10bc5b8c41e1f93d51205c156ccfd2bf74d	True	True	oci	False	False							0	10	12	0	0	24	stable counts and exact dual-axis row/OCI agreement
0	W0A03	SubRecon	forward	1	accepted	False	6	6	6	6	60b26affa5ee8ccfd4798b7590ef04267a35011a290aeddc0f2e6edfa4a3a37d	60b26affa5ee8ccfd4798b7590ef04267a35011a290aeddc0f2e6edfa4a3a37d	e836428691a9a82b16b0f7e864af997f1b3ed2f221939bf3e4a329643b57a17f	e836428691a9a82b16b0f7e864af997f1b3ed2f221939bf3e4a329643b57a17f	True	True	oci	False	False							0	10	12	0	0	24	stable counts and exact dual-axis row/OCI agreement
0	W0A04	TreeTime	backward	1	accepted	False	29	29	29	29	e59e0b8d5b631391d235f2ead789d10f8f7753e6b818e5e28044d6fbb74b5ee7	e59e0b8d5b631391d235f2ead789d10f8f7753e6b818e5e28044d6fbb74b5ee7	ca58152e0fe6591f5c2233362619db8909d3d542ddef4cd53160e4683f8ee382	ca58152e0fe6591f5c2233362619db8909d3d542ddef4cd53160e4683f8ee382	True	True	oci	False	False							0	10	12	0	0	24	stable counts and exact dual-axis row/OCI agreement
0	W0A04	TreeTime	forward	1	accepted	False	1297	1297	1297	1297	fd4b822bf9b88bae0c765ffc3c4ef1661f28e8cfaed752c284ca1cd9528d091e	fd4b822bf9b88bae0c765ffc3c4ef1661f28e8cfaed752c284ca1cd9528d091e	f5be96584f543c1afbfb58189756d1193030cb43746c5f077ae357af229d8cc7	f5be96584f543c1afbfb58189756d1193030cb43746c5f077ae357af229d8cc7	True	True	oci	False	False							0	10	12	0	0	24	stable counts and exact dual-axis row/OCI agreement
0	W0A05	FastML	backward	1	accepted	False	33	33	33	33	6e28a1623f4c331a6718d17561c4417c095af655dbf27193017fd0bcf1a84c0d	6e28a1623f4c331a6718d17561c4417c095af655dbf27193017fd0bcf1a84c0d	7f309027ae450482a0893a712d3f300921ee25cfc3eaf60bb11f52cbb7e9339b	7f309027ae450482a0893a712d3f300921ee25cfc3eaf60bb11f52cbb7e9339b	True	True	oci	False	False							0	10	12	0	0	24	stable counts and exact dual-axis row/OCI agreement
0	W0A05	FastML	forward	1	accepted	False	353	353	353	353	f5877551f6b345392f079628461a5dc0ac50ebd0b30c6861cb89bcbf64af8e72	f5877551f6b345392f079628461a5dc0ac50ebd0b30c6861cb89bcbf64af8e72	05a24ce0ac4c7425c70526102c49405bd0a7597cb0cf11e27598ed305355a358	05a24ce0ac4c7425c70526102c49405bd0a7597cb0cf11e27598ed305355a358	True	True	oci	False	False							0	10	12	0	0	24	stable counts and exact dual-axis row/OCI agreement
0	W0A06	kSNP3.0	backward	1	accepted	False	8	8	8	8	d1d0498d15207f597ce87b099fda500f97685b2bfb7a660d68b2bd658460a7c8	d1d0498d15207f597ce87b099fda500f97685b2bfb7a660d68b2bd658460a7c8	422a92603167562a04d3e84ff6fca938ac8efed606f4dbc3f8d415fa19759f87	422a92603167562a04d3e84ff6fca938ac8efed606f4dbc3f8d415fa19759f87	True	True	oci	False	False							0	10	12	0	0	24	stable counts and exact dual-axis row/OCI agreement
0	W0A06	kSNP3.0	forward	1	accepted	False	605	605	605	605	d109097edf4057a1704e3f5a67e31f31132f332a63d28ca84f396078d22ab052	d109097edf4057a1704e3f5a67e31f31132f332a63d28ca84f396078d22ab052	d96d7edefb54b7d2240df45f1ddc4ece5ee49966eb2f07e375be58bb5e706faa	d96d7edefb54b7d2240df45f1ddc4ece5ee49966eb2f07e375be58bb5e706faa	True	True	oci	False	False							0	10	12	0	0	24	stable counts and exact dual-axis row/OCI agreement
0	W0A07	PAML	backward	1	accepted	False	58	58	58	58	1f4810c4800ff09da7bcee39a2fe498e7c9fb85aff22d6e47fe866fd131ded1b	1f4810c4800ff09da7bcee39a2fe498e7c9fb85aff22d6e47fe866fd131ded1b	1dca86d70a85df6cd9c7fe51534318436a46c94d93a86078f1c1da1563c0b100	1dca86d70a85df6cd9c7fe51534318436a46c94d93a86078f1c1da1563c0b100	True	True	oci	False	False							0	10	12	0	0	24	stable counts and exact dual-axis row/OCI agreement
0	W0A07	PAML	forward	1	retryable_failure	True	12846	12846	12845	12846	82e2992dda9fe3f3d5a18cb417343edb47ba1af617832aec3b2f241d5500e928	d2efc3443d9e5b1197e1def0b4f005ee105781b4526e93206b618b4d97da2d91	da0406bacb2f90ff7415c21a3c036846e7f2f3f48fec1d91cd37b7e0e004a2cd	ba5b628e735379fdcf3d1344d65b0d49f50bcd36206ee832ba6ae14111331d5c	False	False		True	False	12846	d6eafd2390ba4b65dc470eadf29d06fca96fe53201be6f78fde07bf58a66e1ac	956df19d5979db73f8ae689eedf606c6e0329d0306a9229196316e131e9b5a5c	1	1	3	3	10	24	0	1	39	W0A07: OpenCitations forward snapshot reconciliation failed: OCI-axis row count 12845!=12846; cross-axis complete-row sets differ; cross-axis OCI sets differ
0	W0A07	PAML	forward	2	retryable_failure	True	12846	12846	12845	12846	82e2992dda9fe3f3d5a18cb417343edb47ba1af617832aec3b2f241d5500e928	d2efc3443d9e5b1197e1def0b4f005ee105781b4526e93206b618b4d97da2d91	da0406bacb2f90ff7415c21a3c036846e7f2f3f48fec1d91cd37b7e0e004a2cd	ba5b628e735379fdcf3d1344d65b0d49f50bcd36206ee832ba6ae14111331d5c	False	False		True	False	12846	d6eafd2390ba4b65dc470eadf29d06fca96fe53201be6f78fde07bf58a66e1ac	956df19d5979db73f8ae689eedf606c6e0329d0306a9229196316e131e9b5a5c	1	1	3	3	10	24	0	1	36	W0A07: OpenCitations forward snapshot reconciliation failed: OCI-axis row count 12845!=12846; cross-axis complete-row sets differ; cross-axis OCI sets differ
0	W0A07	PAML	forward	3	accepted_provider_reconciled	False	12846	12846	12845	12846	82e2992dda9fe3f3d5a18cb417343edb47ba1af617832aec3b2f241d5500e928	d2efc3443d9e5b1197e1def0b4f005ee105781b4526e93206b618b4d97da2d91	da0406bacb2f90ff7415c21a3c036846e7f2f3f48fec1d91cd37b7e0e004a2cd	ba5b628e735379fdcf3d1344d65b0d49f50bcd36206ee832ba6ae14111331d5c	False	False	oci_plus_verified_creation_missing	True	True	12846	d6eafd2390ba4b65dc470eadf29d06fca96fe53201be6f78fde07bf58a66e1ac	956df19d5979db73f8ae689eedf606c6e0329d0306a9229196316e131e9b5a5c	1	1	3	3	10	24	0	1	36	three forward snapshots produced byte-identical OCI-plus-verified-missing-work reconciliation; all unique discrepant OCIs directly verified
0	W0A08	PastML	backward	1	accepted	False	82	82	82	82	0014b402853336c02e415d446fdb30c2d3a4895da4a2da2cb7fb883685eafa67	0014b402853336c02e415d446fdb30c2d3a4895da4a2da2cb7fb883685eafa67	4e045e2e84c52b9e4af3b9070eea7888d2bf2d148584b46389e994c6af7a2be1	4e045e2e84c52b9e4af3b9070eea7888d2bf2d148584b46389e994c6af7a2be1	True	True	oci	False	False							0	10	12	0	0	24	stable counts and exact dual-axis row/OCI agreement
0	W0A08	PastML	forward	1	accepted	False	251	251	251	251	db407af5b0a32f25725f2efc0166a762b1ac3acef09ea53e7ffbe465a3b085d2	db407af5b0a32f25725f2efc0166a762b1ac3acef09ea53e7ffbe465a3b085d2	7fd41bd3c7e16ca217e59cfed48fd3ee42b77fa90c9088bebb0babe89b7bb2d4	7fd41bd3c7e16ca217e59cfed48fd3ee42b77fa90c9088bebb0babe89b7bb2d4	True	True	oci	False	False							0	10	12	0	0	24	stable counts and exact dual-axis row/OCI agreement
