wave	anchor_id	anchor_tool	direction	snapshot_attempt	leaf_order	recursion_depth	partition_kind	literal_prefix	leaf_regex	request_sha256	raw_file	row_count
0	W0A01	CLASSICO/Evidente	backward	1	1	0	empty		^$	677b8a28adf41f02046f5f5d6143e87004ea59bcc921b9a9c7fc97ffa6810fe2	raw/opencitations/W0A01/backward_snapshot_attempt_01/creation_axis/creation_partitions/depth_00/empty_EMPTY.json	0
0	W0A01	CLASSICO/Evidente	backward	1	2	0	non_digit		^[^0-9].*$	2bc32d085bcf36b4269350e7647ded928a3e958c11ac78a422e2b8cb38c0e11e	raw/opencitations/W0A01/backward_snapshot_attempt_01/creation_axis/creation_partitions/depth_00/non_digit_EMPTY.json	0
0	W0A01	CLASSICO/Evidente	backward	1	3	0	prefix	0	^0.*$	a9bc86be6c89353ad6ee82e58720f41c8b9503714e8f91a52012c598abcd3123	raw/opencitations/W0A01/backward_snapshot_attempt_01/creation_axis/creation_partitions/depth_00/prefix_0.json	0
0	W0A01	CLASSICO/Evidente	backward	1	4	0	prefix	1	^1.*$	b05042e16dd84de1da8ca9e5d3a15872450c988cf846ea8138b390f219d55eaa	raw/opencitations/W0A01/backward_snapshot_attempt_01/creation_axis/creation_partitions/depth_00/prefix_1.json	0
0	W0A01	CLASSICO/Evidente	backward	1	5	0	prefix	2	^2.*$	a44299e2c82e3e3795779dd37e0c03764888bf091cb33edffb42e542af399192	raw/opencitations/W0A01/backward_snapshot_attempt_01/creation_axis/creation_partitions/depth_00/prefix_2.json	28
0	W0A01	CLASSICO/Evidente	backward	1	6	0	prefix	3	^3.*$	23f51306906bf1910316b39889043fc6bfcfaeaffd95191fd7552feb5eb812d8	raw/opencitations/W0A01/backward_snapshot_attempt_01/creation_axis/creation_partitions/depth_00/prefix_3.json	0
0	W0A01	CLASSICO/Evidente	backward	1	7	0	prefix	4	^4.*$	615a219608f5a67e24e9182a6ce974f0d64176b96e44f6cbe5ffc5d282a3b7cd	raw/opencitations/W0A01/backward_snapshot_attempt_01/creation_axis/creation_partitions/depth_00/prefix_4.json	0
0	W0A01	CLASSICO/Evidente	backward	1	8	0	prefix	5	^5.*$	a81a51eda070f6f32095ad7c295d44e1c1cf9dabbf05fdcdba8d2ad6adf728ff	raw/opencitations/W0A01/backward_snapshot_attempt_01/creation_axis/creation_partitions/depth_00/prefix_5.json	0
0	W0A01	CLASSICO/Evidente	backward	1	9	0	prefix	6	^6.*$	b1075a4c135741e093857c95d072a28313a96594dd4e91dfd46e2ab7520a6f99	raw/opencitations/W0A01/backward_snapshot_attempt_01/creation_axis/creation_partitions/depth_00/prefix_6.json	0
0	W0A01	CLASSICO/Evidente	backward	1	10	0	prefix	7	^7.*$	c159a75dfa82b41fdfd16c2ed8382be86e9a5c552a628617d3916c32461013f3	raw/opencitations/W0A01/backward_snapshot_attempt_01/creation_axis/creation_partitions/depth_00/prefix_7.json	0
0	W0A01	CLASSICO/Evidente	backward	1	11	0	prefix	8	^8.*$	515bc4370791af43e0a87bec955cae2cba6a5d2956f6e73f0745c2f48289f87c	raw/opencitations/W0A01/backward_snapshot_attempt_01/creation_axis/creation_partitions/depth_00/prefix_8.json	0
0	W0A01	CLASSICO/Evidente	backward	1	12	0	prefix	9	^9.*$	6557cdae9287377ff5056ecb5a744a47feec934aa157aaaaf24a5a6558cbf615	raw/opencitations/W0A01/backward_snapshot_attempt_01/creation_axis/creation_partitions/depth_00/prefix_9.json	0
0	W0A01	CLASSICO/Evidente	forward	1	1	0	empty		^$	7a03c8cf8e83fba877c3b07c3252c69970e613aef5c163e172042a43b42f5025	raw/opencitations/W0A01/forward_snapshot_attempt_01/creation_axis/creation_partitions/depth_00/empty_EMPTY.json	0
0	W0A01	CLASSICO/Evidente	forward	1	2	0	non_digit		^[^0-9].*$	4cc617b224ee03f7dc8aa676001852d6344b6c8865c97abe9100980a80bd04be	raw/opencitations/W0A01/forward_snapshot_attempt_01/creation_axis/creation_partitions/depth_00/non_digit_EMPTY.json	0
0	W0A01	CLASSICO/Evidente	forward	1	3	0	prefix	0	^0.*$	3d951bfcca282a80cea8c59db4b3351aba9363be20f0d12d60cc48afb44594a1	raw/opencitations/W0A01/forward_snapshot_attempt_01/creation_axis/creation_partitions/depth_00/prefix_0.json	0
0	W0A01	CLASSICO/Evidente	forward	1	4	0	prefix	1	^1.*$	9faca6ade869828fb22c980cf3f63fdf602e6e94d02b14bf0b453bc8953e8b60	raw/opencitations/W0A01/forward_snapshot_attempt_01/creation_axis/creation_partitions/depth_00/prefix_1.json	0
0	W0A01	CLASSICO/Evidente	forward	1	5	0	prefix	2	^2.*$	66ac96829fc6f0e9c1d64b0592e5db7f147bee0d9137f876e0821b31f41fa7d9	raw/opencitations/W0A01/forward_snapshot_attempt_01/creation_axis/creation_partitions/depth_00/prefix_2.json	3
0	W0A01	CLASSICO/Evidente	forward	1	6	0	prefix	3	^3.*$	b1fb704e6e6f28ec03e1c273fa04b7400d217bd810d8d6aff0552b4acc67118d	raw/opencitations/W0A01/forward_snapshot_attempt_01/creation_axis/creation_partitions/depth_00/prefix_3.json	0
0	W0A01	CLASSICO/Evidente	forward	1	7	0	prefix	4	^4.*$	aadc7c64e86165afb8bfed6c959415f8729a0a81503d9f464228a30a34ad41d9	raw/opencitations/W0A01/forward_snapshot_attempt_01/creation_axis/creation_partitions/depth_00/prefix_4.json	0
0	W0A01	CLASSICO/Evidente	forward	1	8	0	prefix	5	^5.*$	cb6696f11f9be162a5d27e30a3c2073db836fa717268e529205753366d32e62f	raw/opencitations/W0A01/forward_snapshot_attempt_01/creation_axis/creation_partitions/depth_00/prefix_5.json	0
0	W0A01	CLASSICO/Evidente	forward	1	9	0	prefix	6	^6.*$	f2756b63a396749b58a209ec35eb7c1ac916e146926910e7b6e9456e33ac3570	raw/opencitations/W0A01/forward_snapshot_attempt_01/creation_axis/creation_partitions/depth_00/prefix_6.json	0
0	W0A01	CLASSICO/Evidente	forward	1	10	0	prefix	7	^7.*$	fafe69cbeeb6d7750448bf67ede6e7b859538812b84ca8cdd1bdb3f6885f1041	raw/opencitations/W0A01/forward_snapshot_attempt_01/creation_axis/creation_partitions/depth_00/prefix_7.json	0
0	W0A01	CLASSICO/Evidente	forward	1	11	0	prefix	8	^8.*$	5b561b3933720ecf88b0697b4c0d3fba6db7f4f1929d18ec727591e99794d3ea	raw/opencitations/W0A01/forward_snapshot_attempt_01/creation_axis/creation_partitions/depth_00/prefix_8.json	0
0	W0A01	CLASSICO/Evidente	forward	1	12	0	prefix	9	^9.*$	48e6c5a6bd0ab2dcc45a3c279010679e4734d999cd930f35acc80f67f4f71b49	raw/opencitations/W0A01/forward_snapshot_attempt_01/creation_axis/creation_partitions/depth_00/prefix_9.json	0
0	W0A02	SNPPar	backward	1	1	0	empty		^$	490b8acf7a54b60b1809aca5b82f4d13d9693b9619356c19fcac053b73b814bf	raw/opencitations/W0A02/backward_snapshot_attempt_01/creation_axis/creation_partitions/depth_00/empty_EMPTY.json	0
0	W0A02	SNPPar	backward	1	2	0	non_digit		^[^0-9].*$	3fa8e12c5152f3a84e92ebd557bde50a612c211ca7099a9a747055910de2d9c4	raw/opencitations/W0A02/backward_snapshot_attempt_01/creation_axis/creation_partitions/depth_00/non_digit_EMPTY.json	0
0	W0A02	SNPPar	backward	1	3	0	prefix	0	^0.*$	e8277c2b61b707499af88c45689e1d3565e95dbb52a727de662800309b1e0cba	raw/opencitations/W0A02/backward_snapshot_attempt_01/creation_axis/creation_partitions/depth_00/prefix_0.json	0
0	W0A02	SNPPar	backward	1	4	0	prefix	1	^1.*$	95370097c48763c9b3b63dd47a5ed848e77638cb6e36a240e3f6452f4510cbd0	raw/opencitations/W0A02/backward_snapshot_attempt_01/creation_axis/creation_partitions/depth_00/prefix_1.json	0
0	W0A02	SNPPar	backward	1	5	0	prefix	2	^2.*$	d398e425758b43e49486aa6aac4961dfc6311e7814f57a0589169a78264f63b4	raw/opencitations/W0A02/backward_snapshot_attempt_01/creation_axis/creation_partitions/depth_00/prefix_2.json	42
0	W0A02	SNPPar	backward	1	6	0	prefix	3	^3.*$	1842836077e063617de2ffb8e32540af888ce8ded5282cb8928e5a05a33a33eb	raw/opencitations/W0A02/backward_snapshot_attempt_01/creation_axis/creation_partitions/depth_00/prefix_3.json	0
0	W0A02	SNPPar	backward	1	7	0	prefix	4	^4.*$	bea2c899628dfc609813ad981ad1d94daef0a8e26d4de1d8602d3fe874720b33	raw/opencitations/W0A02/backward_snapshot_attempt_01/creation_axis/creation_partitions/depth_00/prefix_4.json	0
0	W0A02	SNPPar	backward	1	8	0	prefix	5	^5.*$	399898d63dddd8298dcb2e84714b5cb5cc190f174a6f86e98af6a205845b6de3	raw/opencitations/W0A02/backward_snapshot_attempt_01/creation_axis/creation_partitions/depth_00/prefix_5.json	0
0	W0A02	SNPPar	backward	1	9	0	prefix	6	^6.*$	8ccc5b633ae2802b10beb4e7edb79351d1ac178d77621238511c4435fed88a5c	raw/opencitations/W0A02/backward_snapshot_attempt_01/creation_axis/creation_partitions/depth_00/prefix_6.json	0
0	W0A02	SNPPar	backward	1	10	0	prefix	7	^7.*$	b012cd3648b900fb69a0a320b5a65af0843c561682345f1e59553b08d14737c1	raw/opencitations/W0A02/backward_snapshot_attempt_01/creation_axis/creation_partitions/depth_00/prefix_7.json	0
0	W0A02	SNPPar	backward	1	11	0	prefix	8	^8.*$	a5b231bf0d68745160be3a6288f6f3f931a1d1d1a0f2802f2cd955af008fd848	raw/opencitations/W0A02/backward_snapshot_attempt_01/creation_axis/creation_partitions/depth_00/prefix_8.json	0
0	W0A02	SNPPar	backward	1	12	0	prefix	9	^9.*$	875e6f927aafa405d33a548d7a789976dd39817f4214224c630047b23a4e8cf5	raw/opencitations/W0A02/backward_snapshot_attempt_01/creation_axis/creation_partitions/depth_00/prefix_9.json	0
0	W0A02	SNPPar	forward	1	1	0	empty		^$	8445443f46e83693cef8ef59931a49ae9fee17d026fd745bfd23e0e6a3d97c61	raw/opencitations/W0A02/forward_snapshot_attempt_01/creation_axis/creation_partitions/depth_00/empty_EMPTY.json	1
0	W0A02	SNPPar	forward	1	2	0	non_digit		^[^0-9].*$	a0d3c03335f9f4523565d304d56d15dba7ada8da6c82da3ec0b3d2d3060fdf1e	raw/opencitations/W0A02/forward_snapshot_attempt_01/creation_axis/creation_partitions/depth_00/non_digit_EMPTY.json	0
0	W0A02	SNPPar	forward	1	3	0	prefix	0	^0.*$	ad34522bf9ea94b424d811da4d0c198a779cd540ec213aca9da337829e7dbc47	raw/opencitations/W0A02/forward_snapshot_attempt_01/creation_axis/creation_partitions/depth_00/prefix_0.json	0
0	W0A02	SNPPar	forward	1	4	0	prefix	1	^1.*$	44045f8a4396a99a196531c8444a3c558fac4f8dd5918b3e86bfa7630d827ad1	raw/opencitations/W0A02/forward_snapshot_attempt_01/creation_axis/creation_partitions/depth_00/prefix_1.json	0
0	W0A02	SNPPar	forward	1	5	0	prefix	2	^2.*$	5c1804c134fe89782262a10d333d377f634017f0facd10afc78f170d5dadab54	raw/opencitations/W0A02/forward_snapshot_attempt_01/creation_axis/creation_partitions/depth_00/prefix_2.json	15
0	W0A02	SNPPar	forward	1	6	0	prefix	3	^3.*$	c8f0ffaaeaee5edfa53dfc3a642cdcc4f5353611ec2902ae8f96c4323522750a	raw/opencitations/W0A02/forward_snapshot_attempt_01/creation_axis/creation_partitions/depth_00/prefix_3.json	0
0	W0A02	SNPPar	forward	1	7	0	prefix	4	^4.*$	717825215e2800ebb64fdb87949738d7b2b6f02fbabb7c6b61b4f4db2031d12e	raw/opencitations/W0A02/forward_snapshot_attempt_01/creation_axis/creation_partitions/depth_00/prefix_4.json	0
0	W0A02	SNPPar	forward	1	8	0	prefix	5	^5.*$	b07b2c3f3b704aaae46338bb571dece1f625a304b3e1c89b7b5fe18c5e2cfdb9	raw/opencitations/W0A02/forward_snapshot_attempt_01/creation_axis/creation_partitions/depth_00/prefix_5.json	0
0	W0A02	SNPPar	forward	1	9	0	prefix	6	^6.*$	4687d4820f9ff26d701f1a66582631e03eb915312625d6c25ab80284ab5e6f1d	raw/opencitations/W0A02/forward_snapshot_attempt_01/creation_axis/creation_partitions/depth_00/prefix_6.json	0
0	W0A02	SNPPar	forward	1	10	0	prefix	7	^7.*$	c16627cca6e2e6c5ecfea778aa338cc38567eb8af8b9dc795ce1936c12040a70	raw/opencitations/W0A02/forward_snapshot_attempt_01/creation_axis/creation_partitions/depth_00/prefix_7.json	0
0	W0A02	SNPPar	forward	1	11	0	prefix	8	^8.*$	ad37e05eb081d26f2f3c7d2f8ce415bfa785752a7778e6682c745c7cb14e6b9a	raw/opencitations/W0A02/forward_snapshot_attempt_01/creation_axis/creation_partitions/depth_00/prefix_8.json	0
0	W0A02	SNPPar	forward	1	12	0	prefix	9	^9.*$	7533ac587fa5322ca9c5ab0e345c3312108824ea255eafc75f8c0d45305f5a40	raw/opencitations/W0A02/forward_snapshot_attempt_01/creation_axis/creation_partitions/depth_00/prefix_9.json	0
0	W0A03	SubRecon	backward	1	1	0	empty		^$	dcada0708af1addd780773d3e40f2e45e17c0394f42917d5c408f376073671a4	raw/opencitations/W0A03/backward_snapshot_attempt_01/creation_axis/creation_partitions/depth_00/empty_EMPTY.json	0
0	W0A03	SubRecon	backward	1	2	0	non_digit		^[^0-9].*$	3333470b55e47f3f9a1cd956b7aff832e9e7c200858080bf8eb208fa5024e2ff	raw/opencitations/W0A03/backward_snapshot_attempt_01/creation_axis/creation_partitions/depth_00/non_digit_EMPTY.json	0
0	W0A03	SubRecon	backward	1	3	0	prefix	0	^0.*$	a7cda27e5ddfc8c56181b216e3815613e438d9310fecf263702b6cfcb2a7885d	raw/opencitations/W0A03/backward_snapshot_attempt_01/creation_axis/creation_partitions/depth_00/prefix_0.json	0
0	W0A03	SubRecon	backward	1	4	0	prefix	1	^1.*$	46594916d9729913ebeb70df1ec4ab12112520ee36dbb0e66cb9c8ef48cb9bf6	raw/opencitations/W0A03/backward_snapshot_attempt_01/creation_axis/creation_partitions/depth_00/prefix_1.json	0
0	W0A03	SubRecon	backward	1	5	0	prefix	2	^2.*$	f74a0e19ac5b996dbf03a3da5a81d1ab7f23f1dd96fa430bf1b5ca204681dac5	raw/opencitations/W0A03/backward_snapshot_attempt_01/creation_axis/creation_partitions/depth_00/prefix_2.json	10
0	W0A03	SubRecon	backward	1	6	0	prefix	3	^3.*$	c8e19501b1a6159b0af4602225c541304d6f04e115568dd64c013575762be1e4	raw/opencitations/W0A03/backward_snapshot_attempt_01/creation_axis/creation_partitions/depth_00/prefix_3.json	0
0	W0A03	SubRecon	backward	1	7	0	prefix	4	^4.*$	c760586f0814167bd79e08e30c08ca3f7bd0033d7ea4aab106bcdef2ce63604a	raw/opencitations/W0A03/backward_snapshot_attempt_01/creation_axis/creation_partitions/depth_00/prefix_4.json	0
0	W0A03	SubRecon	backward	1	8	0	prefix	5	^5.*$	8a14902a423985d007daf69b0b958d9f6f793da149b148e1d8c742f9b142c65b	raw/opencitations/W0A03/backward_snapshot_attempt_01/creation_axis/creation_partitions/depth_00/prefix_5.json	0
0	W0A03	SubRecon	backward	1	9	0	prefix	6	^6.*$	384b231f8d788fae0a11b9ec51f93e976ed461f3f502337261e929f66a88b83d	raw/opencitations/W0A03/backward_snapshot_attempt_01/creation_axis/creation_partitions/depth_00/prefix_6.json	0
0	W0A03	SubRecon	backward	1	10	0	prefix	7	^7.*$	e4c44723efd3942b4141b7b24c0ed1cf6477e594bc54682c3e26cef654ed4742	raw/opencitations/W0A03/backward_snapshot_attempt_01/creation_axis/creation_partitions/depth_00/prefix_7.json	0
0	W0A03	SubRecon	backward	1	11	0	prefix	8	^8.*$	e1925a4047d50c4e254361f12deafb0388757eedc1bcbcfacfc5fb327da84753	raw/opencitations/W0A03/backward_snapshot_attempt_01/creation_axis/creation_partitions/depth_00/prefix_8.json	0
0	W0A03	SubRecon	backward	1	12	0	prefix	9	^9.*$	456fae025a14aa58868e79abcf8044cd2b6a6900f540059d14558deaa16c3c06	raw/opencitations/W0A03/backward_snapshot_attempt_01/creation_axis/creation_partitions/depth_00/prefix_9.json	0
0	W0A03	SubRecon	forward	1	1	0	empty		^$	e8be61a6f2cc7777c1429008b30945b7a3250cae5baaa33c9caa6bd2db413d27	raw/opencitations/W0A03/forward_snapshot_attempt_01/creation_axis/creation_partitions/depth_00/empty_EMPTY.json	0
0	W0A03	SubRecon	forward	1	2	0	non_digit		^[^0-9].*$	ca9dc55e1037202dbf43d7c590df78afcf15875a88efe28b2f503f0926df8559	raw/opencitations/W0A03/forward_snapshot_attempt_01/creation_axis/creation_partitions/depth_00/non_digit_EMPTY.json	0
0	W0A03	SubRecon	forward	1	3	0	prefix	0	^0.*$	a113c0ab66d6cadc4ba040cb7522e5e0bf0ea674bd2d2cbcf60aef01d552acd0	raw/opencitations/W0A03/forward_snapshot_attempt_01/creation_axis/creation_partitions/depth_00/prefix_0.json	0
0	W0A03	SubRecon	forward	1	4	0	prefix	1	^1.*$	6696d613e45cc78318dc532fd61e12b14606a97eb28abe788535a9158175cc61	raw/opencitations/W0A03/forward_snapshot_attempt_01/creation_axis/creation_partitions/depth_00/prefix_1.json	0
0	W0A03	SubRecon	forward	1	5	0	prefix	2	^2.*$	228d2ce58ea3210e006cf0624f0d7b39989b7f56701b5e039a782b193e4c1be3	raw/opencitations/W0A03/forward_snapshot_attempt_01/creation_axis/creation_partitions/depth_00/prefix_2.json	6
0	W0A03	SubRecon	forward	1	6	0	prefix	3	^3.*$	da384555028743b52a67019cf219e1556ec62d1c61011036728d27c65fd991cb	raw/opencitations/W0A03/forward_snapshot_attempt_01/creation_axis/creation_partitions/depth_00/prefix_3.json	0
0	W0A03	SubRecon	forward	1	7	0	prefix	4	^4.*$	18168290ecc2587431b3eaa39c5ea9938ccf150e05e2563f53df426a6e442325	raw/opencitations/W0A03/forward_snapshot_attempt_01/creation_axis/creation_partitions/depth_00/prefix_4.json	0
0	W0A03	SubRecon	forward	1	8	0	prefix	5	^5.*$	b58adda8264a544843e10651036981bb6b8b6e2fbbcda5f4332fbbf73be83755	raw/opencitations/W0A03/forward_snapshot_attempt_01/creation_axis/creation_partitions/depth_00/prefix_5.json	0
0	W0A03	SubRecon	forward	1	9	0	prefix	6	^6.*$	f88481eade371529ae0cc889415215be9f30fc0faf4597d02ef70b991c82da30	raw/opencitations/W0A03/forward_snapshot_attempt_01/creation_axis/creation_partitions/depth_00/prefix_6.json	0
0	W0A03	SubRecon	forward	1	10	0	prefix	7	^7.*$	89ce98e27c89727a4282a9a26b52e5180a77943b75ddccadf2aa7072f3831cac	raw/opencitations/W0A03/forward_snapshot_attempt_01/creation_axis/creation_partitions/depth_00/prefix_7.json	0
0	W0A03	SubRecon	forward	1	11	0	prefix	8	^8.*$	e4c01fb1566b9a6005b15f7bac9ac020e7b07224271472180a9a496a0122baca	raw/opencitations/W0A03/forward_snapshot_attempt_01/creation_axis/creation_partitions/depth_00/prefix_8.json	0
0	W0A03	SubRecon	forward	1	12	0	prefix	9	^9.*$	eda9cf193e47208427b1c0fd5abdc7549d0103163cd7149acfd47279f291c2e5	raw/opencitations/W0A03/forward_snapshot_attempt_01/creation_axis/creation_partitions/depth_00/prefix_9.json	0
0	W0A04	TreeTime	backward	1	1	0	empty		^$	676de40a6c3c9ede86e82ab87c21be18d81fabc0ff9c6968d047b06d8d36d943	raw/opencitations/W0A04/backward_snapshot_attempt_01/creation_axis/creation_partitions/depth_00/empty_EMPTY.json	0
0	W0A04	TreeTime	backward	1	2	0	non_digit		^[^0-9].*$	4290cdf50bdbcbe6746f26bd92da7daddde87232a74b8f3d34036814abb705a6	raw/opencitations/W0A04/backward_snapshot_attempt_01/creation_axis/creation_partitions/depth_00/non_digit_EMPTY.json	0
0	W0A04	TreeTime	backward	1	3	0	prefix	0	^0.*$	bfcee1b44c821532f4fe61424c0a24722ec6ae547d763dc762e6ef0c552bb13f	raw/opencitations/W0A04/backward_snapshot_attempt_01/creation_axis/creation_partitions/depth_00/prefix_0.json	0
0	W0A04	TreeTime	backward	1	4	0	prefix	1	^1.*$	1d9307d0bdb0094485c1cd4c25db5d65b9ed11842462dbf4dff7d70824c76c5b	raw/opencitations/W0A04/backward_snapshot_attempt_01/creation_axis/creation_partitions/depth_00/prefix_1.json	0
0	W0A04	TreeTime	backward	1	5	0	prefix	2	^2.*$	5c1a37385d8769537488255fc43c2549af8e49146f18fce9d1e7d9cc325d589b	raw/opencitations/W0A04/backward_snapshot_attempt_01/creation_axis/creation_partitions/depth_00/prefix_2.json	29
0	W0A04	TreeTime	backward	1	6	0	prefix	3	^3.*$	31c733062c2645e5663048bc297ce4ada178f7eff525b9c515041152b80fc0d5	raw/opencitations/W0A04/backward_snapshot_attempt_01/creation_axis/creation_partitions/depth_00/prefix_3.json	0
0	W0A04	TreeTime	backward	1	7	0	prefix	4	^4.*$	526a646339400d5dc0021ca971907a464368aa0d71033010b3ae0ddac8a14878	raw/opencitations/W0A04/backward_snapshot_attempt_01/creation_axis/creation_partitions/depth_00/prefix_4.json	0
0	W0A04	TreeTime	backward	1	8	0	prefix	5	^5.*$	6f2473af28a789bc47de242484de369acedcf1db66c2e602fac6d54e54c523e5	raw/opencitations/W0A04/backward_snapshot_attempt_01/creation_axis/creation_partitions/depth_00/prefix_5.json	0
0	W0A04	TreeTime	backward	1	9	0	prefix	6	^6.*$	87add8abea3d32383d4985852e80fbcbd6d36e8691a026139a4ea97fe4587484	raw/opencitations/W0A04/backward_snapshot_attempt_01/creation_axis/creation_partitions/depth_00/prefix_6.json	0
0	W0A04	TreeTime	backward	1	10	0	prefix	7	^7.*$	0d511818721d06ddd6a25677b524716452730f0532d5886963ee4501aa161b17	raw/opencitations/W0A04/backward_snapshot_attempt_01/creation_axis/creation_partitions/depth_00/prefix_7.json	0
0	W0A04	TreeTime	backward	1	11	0	prefix	8	^8.*$	a4939bf35dce18b4dd0b41e0ed7f8b2dfb58b1d70ccaa0f8ba3047dc13cf7c79	raw/opencitations/W0A04/backward_snapshot_attempt_01/creation_axis/creation_partitions/depth_00/prefix_8.json	0
0	W0A04	TreeTime	backward	1	12	0	prefix	9	^9.*$	81c84e2e0161129c51fb9bdfa1c403494e31929e6ccf4cba7bf14e29204db04b	raw/opencitations/W0A04/backward_snapshot_attempt_01/creation_axis/creation_partitions/depth_00/prefix_9.json	0
0	W0A04	TreeTime	forward	1	1	0	empty		^$	b484c74e52dd8bba171fdb55fa95dff3cf65c146cb3f3650c36ed99546320aea	raw/opencitations/W0A04/forward_snapshot_attempt_01/creation_axis/creation_partitions/depth_00/empty_EMPTY.json	22
0	W0A04	TreeTime	forward	1	2	0	non_digit		^[^0-9].*$	cf45aba0cadcc32f92262dcc98599440cc10fd43e8a7e916ff81e1f6119e0b96	raw/opencitations/W0A04/forward_snapshot_attempt_01/creation_axis/creation_partitions/depth_00/non_digit_EMPTY.json	0
0	W0A04	TreeTime	forward	1	3	0	prefix	0	^0.*$	0c1aacea99ce6ded93b3795e392abd84604bee24f3a328b1885f026843da820b	raw/opencitations/W0A04/forward_snapshot_attempt_01/creation_axis/creation_partitions/depth_00/prefix_0.json	0
0	W0A04	TreeTime	forward	1	4	0	prefix	1	^1.*$	7446d3c7cd6756f62fd93b0ba6aa145ff3994b884fc6ab96948d0d3d0ff18195	raw/opencitations/W0A04/forward_snapshot_attempt_01/creation_axis/creation_partitions/depth_00/prefix_1.json	0
0	W0A04	TreeTime	forward	1	5	0	prefix	2	^2.*$	57257e28934de4fd508bf9d7196763addc9450b4c3e5b526d341b8500eae4d5b	raw/opencitations/W0A04/forward_snapshot_attempt_01/creation_axis/creation_partitions/depth_00/prefix_2.json	1275
0	W0A04	TreeTime	forward	1	6	0	prefix	3	^3.*$	a1473b7daa8e22488c6f4ab347e74b95b3c78af5c912024fbee3baec1e21b575	raw/opencitations/W0A04/forward_snapshot_attempt_01/creation_axis/creation_partitions/depth_00/prefix_3.json	0
0	W0A04	TreeTime	forward	1	7	0	prefix	4	^4.*$	7bd90685ed8264daaee288eb1ef651663d3726fc099164dc5eb476b268e269a5	raw/opencitations/W0A04/forward_snapshot_attempt_01/creation_axis/creation_partitions/depth_00/prefix_4.json	0
0	W0A04	TreeTime	forward	1	8	0	prefix	5	^5.*$	973e0a05aefa7941da90b25be08757bd6916a1597f248bc76f9905214ca9f137	raw/opencitations/W0A04/forward_snapshot_attempt_01/creation_axis/creation_partitions/depth_00/prefix_5.json	0
0	W0A04	TreeTime	forward	1	9	0	prefix	6	^6.*$	7b00244a429a3f288c65e544570a25e4949dfc3d404f6c209a3e5f2c03ae591e	raw/opencitations/W0A04/forward_snapshot_attempt_01/creation_axis/creation_partitions/depth_00/prefix_6.json	0
0	W0A04	TreeTime	forward	1	10	0	prefix	7	^7.*$	f2b798b9dffeb16047d2e0665fe3dc8e520f79228c78834f466925bc1299ea89	raw/opencitations/W0A04/forward_snapshot_attempt_01/creation_axis/creation_partitions/depth_00/prefix_7.json	0
0	W0A04	TreeTime	forward	1	11	0	prefix	8	^8.*$	9b6742f27ea78c0332ab843ce47ac0f9a1d6883401cfa2c3ee9df5d634fb4183	raw/opencitations/W0A04/forward_snapshot_attempt_01/creation_axis/creation_partitions/depth_00/prefix_8.json	0
0	W0A04	TreeTime	forward	1	12	0	prefix	9	^9.*$	496b51a6149ad60328a915843e0556066c193e8d4676353cf9b6caeb51aa5dbe	raw/opencitations/W0A04/forward_snapshot_attempt_01/creation_axis/creation_partitions/depth_00/prefix_9.json	0
0	W0A05	FastML	backward	1	1	0	empty		^$	982ae6b6fd626734b31deb84b9b854c054b542e232108fe0955de81a3632f487	raw/opencitations/W0A05/backward_snapshot_attempt_01/creation_axis/creation_partitions/depth_00/empty_EMPTY.json	0
0	W0A05	FastML	backward	1	2	0	non_digit		^[^0-9].*$	25b7e25ec112542becd51011197680253cb49430b55c36611919c020a52edacc	raw/opencitations/W0A05/backward_snapshot_attempt_01/creation_axis/creation_partitions/depth_00/non_digit_EMPTY.json	0
0	W0A05	FastML	backward	1	3	0	prefix	0	^0.*$	65e0210fa5b7b663fa48d61b4d02a50503089f7ce653eaffbe8f9d60c2d89914	raw/opencitations/W0A05/backward_snapshot_attempt_01/creation_axis/creation_partitions/depth_00/prefix_0.json	0
0	W0A05	FastML	backward	1	4	0	prefix	1	^1.*$	02f2d9334a5b8ea81173123c98f102edac602a81d64fd254eaed829a274997aa	raw/opencitations/W0A05/backward_snapshot_attempt_01/creation_axis/creation_partitions/depth_00/prefix_1.json	0
0	W0A05	FastML	backward	1	5	0	prefix	2	^2.*$	3cc1b61a935cdae16ab822ae3db6e879f5ed870e7234be177225748d8353609c	raw/opencitations/W0A05/backward_snapshot_attempt_01/creation_axis/creation_partitions/depth_00/prefix_2.json	33
0	W0A05	FastML	backward	1	6	0	prefix	3	^3.*$	ba08de2436ee515c6e5953c46d57d8ad6da3a13caceecba90f76091bbe19b4a4	raw/opencitations/W0A05/backward_snapshot_attempt_01/creation_axis/creation_partitions/depth_00/prefix_3.json	0
0	W0A05	FastML	backward	1	7	0	prefix	4	^4.*$	ffbefea55ac3973e102684c672825665bd52ec64874d790dae7c9217845eae86	raw/opencitations/W0A05/backward_snapshot_attempt_01/creation_axis/creation_partitions/depth_00/prefix_4.json	0
0	W0A05	FastML	backward	1	8	0	prefix	5	^5.*$	baf57e2d2ef34294ea005f7840f697473c7083646646ab7897228a1cdf7079c6	raw/opencitations/W0A05/backward_snapshot_attempt_01/creation_axis/creation_partitions/depth_00/prefix_5.json	0
0	W0A05	FastML	backward	1	9	0	prefix	6	^6.*$	96caf033b16d071bfd39baeaf61472dffa31535ad4261e23abbc1527ab7548c9	raw/opencitations/W0A05/backward_snapshot_attempt_01/creation_axis/creation_partitions/depth_00/prefix_6.json	0
0	W0A05	FastML	backward	1	10	0	prefix	7	^7.*$	c87d2e20ff5753ff0980c333c2e5c133fa2524df85eb973b7bd412b5aa04ebb5	raw/opencitations/W0A05/backward_snapshot_attempt_01/creation_axis/creation_partitions/depth_00/prefix_7.json	0
0	W0A05	FastML	backward	1	11	0	prefix	8	^8.*$	8fc3aeaedbac337f8868c1deae763f442bc953e0e12bfbf283d541afc2d66a68	raw/opencitations/W0A05/backward_snapshot_attempt_01/creation_axis/creation_partitions/depth_00/prefix_8.json	0
0	W0A05	FastML	backward	1	12	0	prefix	9	^9.*$	2d0fcbfcf78f422769661af487df268cea4cb887ea5ffacdff00ac9ae5560dac	raw/opencitations/W0A05/backward_snapshot_attempt_01/creation_axis/creation_partitions/depth_00/prefix_9.json	0
0	W0A05	FastML	forward	1	1	0	empty		^$	6213bb663a5ac15cd048eca6423e929729cac5b30656f677dd2dd79edfc44d9b	raw/opencitations/W0A05/forward_snapshot_attempt_01/creation_axis/creation_partitions/depth_00/empty_EMPTY.json	5
0	W0A05	FastML	forward	1	2	0	non_digit		^[^0-9].*$	249fa751d6cb25e7daba076f1f915daa68fc21f100ffb06a0fbab3b443d1b888	raw/opencitations/W0A05/forward_snapshot_attempt_01/creation_axis/creation_partitions/depth_00/non_digit_EMPTY.json	0
0	W0A05	FastML	forward	1	3	0	prefix	0	^0.*$	75b5c68cdf8cba4d3d710006c81f4517385a503fb944d5fbde776ed80dbbad79	raw/opencitations/W0A05/forward_snapshot_attempt_01/creation_axis/creation_partitions/depth_00/prefix_0.json	0
0	W0A05	FastML	forward	1	4	0	prefix	1	^1.*$	7375ed1cfa5c2021427c2cc80bf1f5399e56f530b2a5436dfe732f0341dff233	raw/opencitations/W0A05/forward_snapshot_attempt_01/creation_axis/creation_partitions/depth_00/prefix_1.json	0
0	W0A05	FastML	forward	1	5	0	prefix	2	^2.*$	fdacee01c85236cdc317bade28eade979927362649746ead8eaa3dc057999cdd	raw/opencitations/W0A05/forward_snapshot_attempt_01/creation_axis/creation_partitions/depth_00/prefix_2.json	348
0	W0A05	FastML	forward	1	6	0	prefix	3	^3.*$	a660cd17166a1b877527f5a5bebf30a72909dd3dc558599c9124bdda54c4cbf6	raw/opencitations/W0A05/forward_snapshot_attempt_01/creation_axis/creation_partitions/depth_00/prefix_3.json	0
0	W0A05	FastML	forward	1	7	0	prefix	4	^4.*$	c9a9d63e172c0d61db0f6e007ce925a5f1c5ea16de87d99458cc780f237b2331	raw/opencitations/W0A05/forward_snapshot_attempt_01/creation_axis/creation_partitions/depth_00/prefix_4.json	0
0	W0A05	FastML	forward	1	8	0	prefix	5	^5.*$	91a3625b3c90534f3e1a4494923cc0c80d5a4441accfc09f2aacb3a5c6ebc5cf	raw/opencitations/W0A05/forward_snapshot_attempt_01/creation_axis/creation_partitions/depth_00/prefix_5.json	0
0	W0A05	FastML	forward	1	9	0	prefix	6	^6.*$	582b7320b2538353d4d15a89b797b9a5b7febfd7aae1dacf1e1b53027abe63a3	raw/opencitations/W0A05/forward_snapshot_attempt_01/creation_axis/creation_partitions/depth_00/prefix_6.json	0
0	W0A05	FastML	forward	1	10	0	prefix	7	^7.*$	bcf1b993fb974bbd51f920afbed3b02f4747c55dcf2cb1f6ea79b56c2960066e	raw/opencitations/W0A05/forward_snapshot_attempt_01/creation_axis/creation_partitions/depth_00/prefix_7.json	0
0	W0A05	FastML	forward	1	11	0	prefix	8	^8.*$	747ee191d156066cf460fd11e5cd0e4549af0d4ddac070ed3ad5300feafe5de4	raw/opencitations/W0A05/forward_snapshot_attempt_01/creation_axis/creation_partitions/depth_00/prefix_8.json	0
0	W0A05	FastML	forward	1	12	0	prefix	9	^9.*$	30362ecd447ad4233541de4584b258e1bbeb69f810284edc169e04be4a18f950	raw/opencitations/W0A05/forward_snapshot_attempt_01/creation_axis/creation_partitions/depth_00/prefix_9.json	0
0	W0A06	kSNP3.0	backward	1	1	0	empty		^$	1be8289a589a76b6ddcae590f6c6450cbb3243b25c9302f8a56b3ed2f175b835	raw/opencitations/W0A06/backward_snapshot_attempt_01/creation_axis/creation_partitions/depth_00/empty_EMPTY.json	0
0	W0A06	kSNP3.0	backward	1	2	0	non_digit		^[^0-9].*$	bfc9ce3567fa080acb64887c13396a15691241b70d9380de98412b97ac13aec4	raw/opencitations/W0A06/backward_snapshot_attempt_01/creation_axis/creation_partitions/depth_00/non_digit_EMPTY.json	0
0	W0A06	kSNP3.0	backward	1	3	0	prefix	0	^0.*$	a8b3b9812276e74d98e02ebe96651fd64268ec81002c707f5d5ede21fed8e449	raw/opencitations/W0A06/backward_snapshot_attempt_01/creation_axis/creation_partitions/depth_00/prefix_0.json	0
0	W0A06	kSNP3.0	backward	1	4	0	prefix	1	^1.*$	c4eb9533d653a91da0e3967e3a5af807e07f1c7723818d14c0a660182a79f1fa	raw/opencitations/W0A06/backward_snapshot_attempt_01/creation_axis/creation_partitions/depth_00/prefix_1.json	0
0	W0A06	kSNP3.0	backward	1	5	0	prefix	2	^2.*$	da5de894c1df542930f53ba4f0afc94fa52795eb8e457a5bc7c198fd051a33db	raw/opencitations/W0A06/backward_snapshot_attempt_01/creation_axis/creation_partitions/depth_00/prefix_2.json	8
0	W0A06	kSNP3.0	backward	1	6	0	prefix	3	^3.*$	7b3bceec94b5b7053be30c297b43b4446a2c92b5af062fca252a95b573826bf8	raw/opencitations/W0A06/backward_snapshot_attempt_01/creation_axis/creation_partitions/depth_00/prefix_3.json	0
0	W0A06	kSNP3.0	backward	1	7	0	prefix	4	^4.*$	521271f7f5092fd8d48b86b9b91f8faa7b0c58be68de17b34764d48db57ecbfe	raw/opencitations/W0A06/backward_snapshot_attempt_01/creation_axis/creation_partitions/depth_00/prefix_4.json	0
0	W0A06	kSNP3.0	backward	1	8	0	prefix	5	^5.*$	2960cb8cf4151c674f428226ce2f0b86d361d0b6dc1315a4e6ca8fa3869d1ac4	raw/opencitations/W0A06/backward_snapshot_attempt_01/creation_axis/creation_partitions/depth_00/prefix_5.json	0
0	W0A06	kSNP3.0	backward	1	9	0	prefix	6	^6.*$	d75ca9ca668503b9e39847f430ca9f4f599920baf8d639d9420be898c904d69d	raw/opencitations/W0A06/backward_snapshot_attempt_01/creation_axis/creation_partitions/depth_00/prefix_6.json	0
0	W0A06	kSNP3.0	backward	1	10	0	prefix	7	^7.*$	14bb157c92a4cb2bc291516712aa3649c4e2ca45b48e8fa9b6d3a4054bba3bcc	raw/opencitations/W0A06/backward_snapshot_attempt_01/creation_axis/creation_partitions/depth_00/prefix_7.json	0
0	W0A06	kSNP3.0	backward	1	11	0	prefix	8	^8.*$	5fe8c9b1da1f840f23801fc86c1ea558ec990e818861255ad29ce7732aed902a	raw/opencitations/W0A06/backward_snapshot_attempt_01/creation_axis/creation_partitions/depth_00/prefix_8.json	0
0	W0A06	kSNP3.0	backward	1	12	0	prefix	9	^9.*$	549f7359c5b412fa6852b1934a8492ffd4c9861f10d364f8865954303eec6e81	raw/opencitations/W0A06/backward_snapshot_attempt_01/creation_axis/creation_partitions/depth_00/prefix_9.json	0
0	W0A06	kSNP3.0	forward	1	1	0	empty		^$	34abde4595a2c806e276b976e9190880b50733ad4eec5bba57c0490103683e7a	raw/opencitations/W0A06/forward_snapshot_attempt_01/creation_axis/creation_partitions/depth_00/empty_EMPTY.json	5
0	W0A06	kSNP3.0	forward	1	2	0	non_digit		^[^0-9].*$	019586441210477fb5f0f602f909907b3dbd32c5caa4d4ac8b324bc1be2e1520	raw/opencitations/W0A06/forward_snapshot_attempt_01/creation_axis/creation_partitions/depth_00/non_digit_EMPTY.json	0
0	W0A06	kSNP3.0	forward	1	3	0	prefix	0	^0.*$	ec451c49d14a24ee8d96e37cb042e844c7d7dc12d6585bfef480adc1ebfae00f	raw/opencitations/W0A06/forward_snapshot_attempt_01/creation_axis/creation_partitions/depth_00/prefix_0.json	0
0	W0A06	kSNP3.0	forward	1	4	0	prefix	1	^1.*$	633fdf421fce8940e5cc779e5cfb76df4a78e2e39482c7c3214b92d9fc2ff52b	raw/opencitations/W0A06/forward_snapshot_attempt_01/creation_axis/creation_partitions/depth_00/prefix_1.json	0
0	W0A06	kSNP3.0	forward	1	5	0	prefix	2	^2.*$	e3e2b21a96841750593b47b69e81696f1e2932db166ee9d1ae5d66abda4eebcd	raw/opencitations/W0A06/forward_snapshot_attempt_01/creation_axis/creation_partitions/depth_00/prefix_2.json	600
0	W0A06	kSNP3.0	forward	1	6	0	prefix	3	^3.*$	244c7bb3f835e7f8703e1d2cb381a776a3c2f4b312110cea9add0d21c75ea8e9	raw/opencitations/W0A06/forward_snapshot_attempt_01/creation_axis/creation_partitions/depth_00/prefix_3.json	0
0	W0A06	kSNP3.0	forward	1	7	0	prefix	4	^4.*$	9b8bddaac2e756db8bbb217bbf6669e513fa4bcd50b6253054d0b5fbd0eff1fd	raw/opencitations/W0A06/forward_snapshot_attempt_01/creation_axis/creation_partitions/depth_00/prefix_4.json	0
0	W0A06	kSNP3.0	forward	1	8	0	prefix	5	^5.*$	3832804b89819ba534ed71e6ada3a57fd5793d44fcb2bcc0400e3cdfa0f38c33	raw/opencitations/W0A06/forward_snapshot_attempt_01/creation_axis/creation_partitions/depth_00/prefix_5.json	0
0	W0A06	kSNP3.0	forward	1	9	0	prefix	6	^6.*$	7c03d7e8657f3b6f17375f5d92a1f0bf563e974fc14bbcf4a3b9c8123283eb6a	raw/opencitations/W0A06/forward_snapshot_attempt_01/creation_axis/creation_partitions/depth_00/prefix_6.json	0
0	W0A06	kSNP3.0	forward	1	10	0	prefix	7	^7.*$	90270d1a9e061f805d8c650058f433a808a73bb9a0291e1b720986597c4c0975	raw/opencitations/W0A06/forward_snapshot_attempt_01/creation_axis/creation_partitions/depth_00/prefix_7.json	0
0	W0A06	kSNP3.0	forward	1	11	0	prefix	8	^8.*$	b687fe81a6652934d478aa08d116fbea4ff5c266073500a3dd570eb13045ad27	raw/opencitations/W0A06/forward_snapshot_attempt_01/creation_axis/creation_partitions/depth_00/prefix_8.json	0
0	W0A06	kSNP3.0	forward	1	12	0	prefix	9	^9.*$	0f13d92e55cb4728fbdac8d3a2c8e32b582ce77fd8667ece365040cd63d8d318	raw/opencitations/W0A06/forward_snapshot_attempt_01/creation_axis/creation_partitions/depth_00/prefix_9.json	0
0	W0A07	PAML	backward	1	1	0	empty		^$	4f6f7d646aa39d04622fb5a4ae091c231f24bc6def934e6dd5e6604b7860f15d	raw/opencitations/W0A07/backward_snapshot_attempt_01/creation_axis/creation_partitions/depth_00/empty_EMPTY.json	0
0	W0A07	PAML	backward	1	2	0	non_digit		^[^0-9].*$	659898bbb0db9310f740a2113dafc9c6c7a4efb818d66c9479002104106df57b	raw/opencitations/W0A07/backward_snapshot_attempt_01/creation_axis/creation_partitions/depth_00/non_digit_EMPTY.json	0
0	W0A07	PAML	backward	1	3	0	prefix	0	^0.*$	e908fa88873d5c687a749b3119884615fddd5919cc890cdc1a7c500ee2aaa23e	raw/opencitations/W0A07/backward_snapshot_attempt_01/creation_axis/creation_partitions/depth_00/prefix_0.json	0
0	W0A07	PAML	backward	1	4	0	prefix	1	^1.*$	6ea3a8b3b0952e53090166c717813ae0f5af36da0cf165098c3f56d6659c8a97	raw/opencitations/W0A07/backward_snapshot_attempt_01/creation_axis/creation_partitions/depth_00/prefix_1.json	0
0	W0A07	PAML	backward	1	5	0	prefix	2	^2.*$	ad00fc4b4a3c1d49f393d6b8b73a69718153a929b269a68e79224373bd24a9ed	raw/opencitations/W0A07/backward_snapshot_attempt_01/creation_axis/creation_partitions/depth_00/prefix_2.json	58
0	W0A07	PAML	backward	1	6	0	prefix	3	^3.*$	f28567abb16c18d70cf5c5125868bbd9af27ac2c3fb70d75ff6b8cf26ce13210	raw/opencitations/W0A07/backward_snapshot_attempt_01/creation_axis/creation_partitions/depth_00/prefix_3.json	0
0	W0A07	PAML	backward	1	7	0	prefix	4	^4.*$	02a96bd35f995209ec7bdbe58652670ebb7eda6267b9130597f9b3e744a77fe7	raw/opencitations/W0A07/backward_snapshot_attempt_01/creation_axis/creation_partitions/depth_00/prefix_4.json	0
0	W0A07	PAML	backward	1	8	0	prefix	5	^5.*$	2d693123219e171b90248d0a272bbd0f16039f126f0471fc4f890d959143798f	raw/opencitations/W0A07/backward_snapshot_attempt_01/creation_axis/creation_partitions/depth_00/prefix_5.json	0
0	W0A07	PAML	backward	1	9	0	prefix	6	^6.*$	ad5ea02fdc77c0a11aef20daf7eb6e279129949f37cddf01a55e718049b897a2	raw/opencitations/W0A07/backward_snapshot_attempt_01/creation_axis/creation_partitions/depth_00/prefix_6.json	0
0	W0A07	PAML	backward	1	10	0	prefix	7	^7.*$	94598c4d8ddc549b3b146ab93e155704865754ea63186171bf904282c1058008	raw/opencitations/W0A07/backward_snapshot_attempt_01/creation_axis/creation_partitions/depth_00/prefix_7.json	0
0	W0A07	PAML	backward	1	11	0	prefix	8	^8.*$	e325eb469b44ae7258830806f9872c94b0eb3ddf35d8fded6dd87da912b7cc42	raw/opencitations/W0A07/backward_snapshot_attempt_01/creation_axis/creation_partitions/depth_00/prefix_8.json	0
0	W0A07	PAML	backward	1	12	0	prefix	9	^9.*$	ca2e328e935d59af12fe7ba7a8f7eebb0e565f0a0477c01c1f9658e2da86acf5	raw/opencitations/W0A07/backward_snapshot_attempt_01/creation_axis/creation_partitions/depth_00/prefix_9.json	0
0	W0A07	PAML	forward	3	1	0	empty		^$	1ff63a5e611f936d89a6ccfecb02c1fcc39e64fb7e8413e0cb08080d7b818a4c	raw/opencitations/W0A07/forward_snapshot_attempt_03/creation_axis/creation_partitions/depth_00/empty_EMPTY.json	119
0	W0A07	PAML	forward	3	2	0	non_digit		^[^0-9].*$	ac50c4308ef9fef581ee5b1c65c6ade49c64ed0381a2e4c70f80449f41ee3f8f	raw/opencitations/W0A07/forward_snapshot_attempt_03/creation_axis/creation_partitions/depth_00/non_digit_EMPTY.json	0
0	W0A07	PAML	forward	3	3	0	prefix	0	^0.*$	9d0a84ab0f7923206737a3500ebc89bad38845996c7a9de66a2158e40cfc7894	raw/opencitations/W0A07/forward_snapshot_attempt_03/creation_axis/creation_partitions/depth_00/prefix_0.json	0
0	W0A07	PAML	forward	3	4	0	prefix	1	^1.*$	e4332ab817a2495febaa1c2cacb434216b942967c47d245c94e50658fc15b6d9	raw/opencitations/W0A07/forward_snapshot_attempt_03/creation_axis/creation_partitions/depth_00/prefix_1.json	0
0	W0A07	PAML	forward	3	5	1	exact	2	^2$	bc8c5a099f25c88fb2349697ed17ff19c6de15fd45e1d2f8c181019f5edeccfd	raw/opencitations/W0A07/forward_snapshot_attempt_03/creation_axis/creation_partitions/depth_01/exact_2.json	0
0	W0A07	PAML	forward	3	6	1	prefix	20	^20.*$	33e75eeaeb3da897e806aa663df69165911b198886e8be851e13efb877655d57	raw/opencitations/W0A07/forward_snapshot_attempt_03/creation_axis/creation_partitions/depth_01/prefix_20.json	12727
0	W0A07	PAML	forward	3	7	1	prefix	21	^21.*$	e34e68e10f5f8aba669a664da8de194cb98dfe9061040a764b4bc64030b61526	raw/opencitations/W0A07/forward_snapshot_attempt_03/creation_axis/creation_partitions/depth_01/prefix_21.json	0
0	W0A07	PAML	forward	3	8	1	prefix	22	^22.*$	4da67b4eff480c5be8ca7dc6d58a7843ad0e2628752f6f4759e317c05862b3d1	raw/opencitations/W0A07/forward_snapshot_attempt_03/creation_axis/creation_partitions/depth_01/prefix_22.json	0
0	W0A07	PAML	forward	3	9	1	prefix	23	^23.*$	ba7fc2a07e3a66e945568604078658ccfe2237ba4515d6f7a6b116cd59e1edf6	raw/opencitations/W0A07/forward_snapshot_attempt_03/creation_axis/creation_partitions/depth_01/prefix_23.json	0
0	W0A07	PAML	forward	3	10	1	prefix	24	^24.*$	b5b3c5a65e1d186fabe6f1e292af456ca42213d2313c0e15a6a5ee7fd4ab0f67	raw/opencitations/W0A07/forward_snapshot_attempt_03/creation_axis/creation_partitions/depth_01/prefix_24.json	0
0	W0A07	PAML	forward	3	11	1	prefix	25	^25.*$	db1c1572a88955521e8e1c40d056f49ad4ba86d4b4a6a47c4660826c6af71803	raw/opencitations/W0A07/forward_snapshot_attempt_03/creation_axis/creation_partitions/depth_01/prefix_25.json	0
0	W0A07	PAML	forward	3	12	1	prefix	26	^26.*$	31c24c7c7f457c53f7d0a89ea175204a826a211e5408e4dd7073f8dad713b2a2	raw/opencitations/W0A07/forward_snapshot_attempt_03/creation_axis/creation_partitions/depth_01/prefix_26.json	0
0	W0A07	PAML	forward	3	13	1	prefix	27	^27.*$	9cb2f7f691f4ea2bc3ecb0c849ead64171730212389e50ebe70b94f8a281dfe6	raw/opencitations/W0A07/forward_snapshot_attempt_03/creation_axis/creation_partitions/depth_01/prefix_27.json	0
0	W0A07	PAML	forward	3	14	1	prefix	28	^28.*$	7aa0db4e3c0f1c7c31c70d89c5e1b250c15922d2ed366ff4c93314cf32ed9110	raw/opencitations/W0A07/forward_snapshot_attempt_03/creation_axis/creation_partitions/depth_01/prefix_28.json	0
0	W0A07	PAML	forward	3	15	1	prefix	29	^29.*$	d1dbb11d12ddad22694cc385da02f786910ba41c9701f8b038f54d73fed7c6fe	raw/opencitations/W0A07/forward_snapshot_attempt_03/creation_axis/creation_partitions/depth_01/prefix_29.json	0
0	W0A07	PAML	forward	3	16	1	prefix	2-	^2\-.*$	af41c0ff49b40c5b2a9f3ac86f030bc521246e3a8c70ea367581151fdc5f801d	raw/opencitations/W0A07/forward_snapshot_attempt_03/creation_axis/creation_partitions/depth_01/prefix_2H.json	0
0	W0A07	PAML	forward	3	17	1	other	2	^2[^0-9-].*$	07604505b3feccf560fb549e22953bcf5631c9250b47be339a57e1fc9d26cd54	raw/opencitations/W0A07/forward_snapshot_attempt_03/creation_axis/creation_partitions/depth_01/other_2.json	0
0	W0A07	PAML	forward	3	18	0	prefix	3	^3.*$	0dd91e81672d890e861a43f86fa0706babe916a4c3e28d0f8044b343f0b6c54e	raw/opencitations/W0A07/forward_snapshot_attempt_03/creation_axis/creation_partitions/depth_00/prefix_3.json	0
0	W0A07	PAML	forward	3	19	0	prefix	4	^4.*$	8726e5da9c560db89dcfd5805a225a768bdc220a8b5d9061f8b003673a51be30	raw/opencitations/W0A07/forward_snapshot_attempt_03/creation_axis/creation_partitions/depth_00/prefix_4.json	0
0	W0A07	PAML	forward	3	20	0	prefix	5	^5.*$	41b8a4f27171c41177e57f1374d82b612b6fc8aaf756179e404020291ac7da20	raw/opencitations/W0A07/forward_snapshot_attempt_03/creation_axis/creation_partitions/depth_00/prefix_5.json	0
0	W0A07	PAML	forward	3	21	0	prefix	6	^6.*$	cd42dd8a2c5a28dcc9c918249c3714dcecda929d459b3247a30aab3a54b70346	raw/opencitations/W0A07/forward_snapshot_attempt_03/creation_axis/creation_partitions/depth_00/prefix_6.json	0
0	W0A07	PAML	forward	3	22	0	prefix	7	^7.*$	4502bb777a953e28735a95e697bf25235dd99145730427b4c4292bb9835d3f4b	raw/opencitations/W0A07/forward_snapshot_attempt_03/creation_axis/creation_partitions/depth_00/prefix_7.json	0
0	W0A07	PAML	forward	3	23	0	prefix	8	^8.*$	3a85eb17b0a5e56dec72598869162ef55b89f8569ffb3b5a91fc8fb7f0f7c8c6	raw/opencitations/W0A07/forward_snapshot_attempt_03/creation_axis/creation_partitions/depth_00/prefix_8.json	0
0	W0A07	PAML	forward	3	24	0	prefix	9	^9.*$	338154e489b32148326bfe99eba9ccd59dee883621ae732c0b24bf49a1d3cfea	raw/opencitations/W0A07/forward_snapshot_attempt_03/creation_axis/creation_partitions/depth_00/prefix_9.json	0
0	W0A08	PastML	backward	1	1	0	empty		^$	e116b575d7fa250189f0ca016557c4bab8296d32953ee794f0ac1a4149c1d9d6	raw/opencitations/W0A08/backward_snapshot_attempt_01/creation_axis/creation_partitions/depth_00/empty_EMPTY.json	0
0	W0A08	PastML	backward	1	2	0	non_digit		^[^0-9].*$	b14e862cec9e9a9b5b83c426817f380f08e4c1afbca190a8a54527a55b215d5f	raw/opencitations/W0A08/backward_snapshot_attempt_01/creation_axis/creation_partitions/depth_00/non_digit_EMPTY.json	0
0	W0A08	PastML	backward	1	3	0	prefix	0	^0.*$	0305fd85268fa743ac7402358edab56f71b63a10c542b2c5ede454825c856d14	raw/opencitations/W0A08/backward_snapshot_attempt_01/creation_axis/creation_partitions/depth_00/prefix_0.json	0
0	W0A08	PastML	backward	1	4	0	prefix	1	^1.*$	b209bd6b144a100480f2dd2f53778613dda4143c108b993032cb22bd7c76f49e	raw/opencitations/W0A08/backward_snapshot_attempt_01/creation_axis/creation_partitions/depth_00/prefix_1.json	0
0	W0A08	PastML	backward	1	5	0	prefix	2	^2.*$	3d497f638cf7120902d2b864c207116b7c0d71c3e40be72c5155ba3eaae64c58	raw/opencitations/W0A08/backward_snapshot_attempt_01/creation_axis/creation_partitions/depth_00/prefix_2.json	82
0	W0A08	PastML	backward	1	6	0	prefix	3	^3.*$	42882d79f3d1bc02ae2868174ca4e4f08dcf76722873f1e6dfed8e41b11ef793	raw/opencitations/W0A08/backward_snapshot_attempt_01/creation_axis/creation_partitions/depth_00/prefix_3.json	0
0	W0A08	PastML	backward	1	7	0	prefix	4	^4.*$	3eb9ce58d27071d70b026e95b52398a8c1f4442fb1215f60246710e7c3203957	raw/opencitations/W0A08/backward_snapshot_attempt_01/creation_axis/creation_partitions/depth_00/prefix_4.json	0
0	W0A08	PastML	backward	1	8	0	prefix	5	^5.*$	a2bc57e7132b3e51ab3c053e4533edf88569fc13fed58e3bd7e9c76d51a542aa	raw/opencitations/W0A08/backward_snapshot_attempt_01/creation_axis/creation_partitions/depth_00/prefix_5.json	0
0	W0A08	PastML	backward	1	9	0	prefix	6	^6.*$	73facaa28c5c74f06d41b3ec46a183eae952696e4c58382a7eac88f1db7732eb	raw/opencitations/W0A08/backward_snapshot_attempt_01/creation_axis/creation_partitions/depth_00/prefix_6.json	0
0	W0A08	PastML	backward	1	10	0	prefix	7	^7.*$	31f1e51e08b556f9890a0337ad5226adad02f699e0f44294dfe9262692b36fdc	raw/opencitations/W0A08/backward_snapshot_attempt_01/creation_axis/creation_partitions/depth_00/prefix_7.json	0
0	W0A08	PastML	backward	1	11	0	prefix	8	^8.*$	eb68a34d1b4e6bd9d178aec5b9a7e2b57a023a32c6ec12a7a7731bb0a5e385c9	raw/opencitations/W0A08/backward_snapshot_attempt_01/creation_axis/creation_partitions/depth_00/prefix_8.json	0
0	W0A08	PastML	backward	1	12	0	prefix	9	^9.*$	9e10840f1113c8248d4ee22e297dbddf818efce31d353a01da4b768117f3c132	raw/opencitations/W0A08/backward_snapshot_attempt_01/creation_axis/creation_partitions/depth_00/prefix_9.json	0
0	W0A08	PastML	forward	1	1	0	empty		^$	748487e709589d9a3c106a8e68d5ab0aeea59b8cc3979446e251e4d0e782a6cb	raw/opencitations/W0A08/forward_snapshot_attempt_01/creation_axis/creation_partitions/depth_00/empty_EMPTY.json	5
0	W0A08	PastML	forward	1	2	0	non_digit		^[^0-9].*$	dd76dd64321e3d8314f976a5e5500e0953bb7e2d3f6b587d4b8547cf56fab1b1	raw/opencitations/W0A08/forward_snapshot_attempt_01/creation_axis/creation_partitions/depth_00/non_digit_EMPTY.json	0
0	W0A08	PastML	forward	1	3	0	prefix	0	^0.*$	8f801e2ed3ce0f98449184a6ebfe78a236e32f0437dc357de2f49a6945a0c5d5	raw/opencitations/W0A08/forward_snapshot_attempt_01/creation_axis/creation_partitions/depth_00/prefix_0.json	0
0	W0A08	PastML	forward	1	4	0	prefix	1	^1.*$	19c907028dfbcfc8d3d23e446abe89e0217216e98eca7b01aec82ec839f4f72a	raw/opencitations/W0A08/forward_snapshot_attempt_01/creation_axis/creation_partitions/depth_00/prefix_1.json	0
0	W0A08	PastML	forward	1	5	0	prefix	2	^2.*$	18a5a6fa4e1925b935cc162775dd9605c887897c6ee464e24d14f8d4adfd0cb7	raw/opencitations/W0A08/forward_snapshot_attempt_01/creation_axis/creation_partitions/depth_00/prefix_2.json	246
0	W0A08	PastML	forward	1	6	0	prefix	3	^3.*$	f6a7150316ca6181f0b646f6c1d536c1efa68f7bea5da61ad0a2bdd254c84202	raw/opencitations/W0A08/forward_snapshot_attempt_01/creation_axis/creation_partitions/depth_00/prefix_3.json	0
0	W0A08	PastML	forward	1	7	0	prefix	4	^4.*$	be80b9532ce876d7d019faed635f1989875925dda73700bcf45211365dbbcca0	raw/opencitations/W0A08/forward_snapshot_attempt_01/creation_axis/creation_partitions/depth_00/prefix_4.json	0
0	W0A08	PastML	forward	1	8	0	prefix	5	^5.*$	befab538b9bf3927c5a4757a52af9ac6ff6915bc08ddcbf9d9cbe3fb4fbd6a4f	raw/opencitations/W0A08/forward_snapshot_attempt_01/creation_axis/creation_partitions/depth_00/prefix_5.json	0
0	W0A08	PastML	forward	1	9	0	prefix	6	^6.*$	252f03c751e9177d989cf63b5ba4a0e0c372f30fb7a531028f431eca28fcb718	raw/opencitations/W0A08/forward_snapshot_attempt_01/creation_axis/creation_partitions/depth_00/prefix_6.json	0
0	W0A08	PastML	forward	1	10	0	prefix	7	^7.*$	be09c9d1dfdd9317e88fc1f625f0036ad319c66dd91c0bb0ea60557a1327c8e9	raw/opencitations/W0A08/forward_snapshot_attempt_01/creation_axis/creation_partitions/depth_00/prefix_7.json	0
0	W0A08	PastML	forward	1	11	0	prefix	8	^8.*$	06554a15dfd62e6f53f6443b3f4ed6bb2477300d17f5fddf26aab520e34bb872	raw/opencitations/W0A08/forward_snapshot_attempt_01/creation_axis/creation_partitions/depth_00/prefix_8.json	0
0	W0A08	PastML	forward	1	12	0	prefix	9	^9.*$	25d10c2e6c3640be70634805a59c98bee54a7a5e36c0b8749846601a97c2b8ae	raw/opencitations/W0A08/forward_snapshot_attempt_01/creation_axis/creation_partitions/depth_00/prefix_9.json	0
