wave	anchor_id	anchor_tool	direction	snapshot_attempt	leaf_order	recursion_depth	suffix_digits	partition_kind	suffix	leaf_regex	request_sha256	raw_file	row_count
0	W0A01	CLASSICO/Evidente	backward	1	1	0	1	suffix	0	^[0-9]+-[0-9]*0$	2f277b2227af39ade4d2f4769758b8a2b70325173e332303a885ac4229316112	raw/opencitations/W0A01/backward_snapshot_attempt_01/oci_axis/backward_partitions/depth_00/digits_01_suffix_0.json	3
0	W0A01	CLASSICO/Evidente	backward	1	2	0	1	suffix	1	^[0-9]+-[0-9]*1$	055215958548bd826c31f651e92076e2a67c58399d59530840c0acf7a82e5eda	raw/opencitations/W0A01/backward_snapshot_attempt_01/oci_axis/backward_partitions/depth_00/digits_01_suffix_1.json	1
0	W0A01	CLASSICO/Evidente	backward	1	3	0	1	suffix	2	^[0-9]+-[0-9]*2$	05df7361205f156ae035f2fcbfebfcc62ebb634e8d049455c4c8c5c6ca97ccf1	raw/opencitations/W0A01/backward_snapshot_attempt_01/oci_axis/backward_partitions/depth_00/digits_01_suffix_2.json	2
0	W0A01	CLASSICO/Evidente	backward	1	4	0	1	suffix	3	^[0-9]+-[0-9]*3$	3248dcba28de670f5f22bb3f5894694e14eb798645527580e3a6fca77896a3e7	raw/opencitations/W0A01/backward_snapshot_attempt_01/oci_axis/backward_partitions/depth_00/digits_01_suffix_3.json	2
0	W0A01	CLASSICO/Evidente	backward	1	5	0	1	suffix	4	^[0-9]+-[0-9]*4$	b80ca4c0cae8d429652ae277a18bdf070fa73b2fbcef4d1b585a1053214599c7	raw/opencitations/W0A01/backward_snapshot_attempt_01/oci_axis/backward_partitions/depth_00/digits_01_suffix_4.json	1
0	W0A01	CLASSICO/Evidente	backward	1	6	0	1	suffix	5	^[0-9]+-[0-9]*5$	b3381a8c1b7b309353a4f890847f145747322195d1690e69878db92ed3e4cbe2	raw/opencitations/W0A01/backward_snapshot_attempt_01/oci_axis/backward_partitions/depth_00/digits_01_suffix_5.json	2
0	W0A01	CLASSICO/Evidente	backward	1	7	0	1	suffix	6	^[0-9]+-[0-9]*6$	1455c61798d8f8b09e087d018a955d664ffcd75a7759abd6f7f4ebc8b6c08eb8	raw/opencitations/W0A01/backward_snapshot_attempt_01/oci_axis/backward_partitions/depth_00/digits_01_suffix_6.json	2
0	W0A01	CLASSICO/Evidente	backward	1	8	0	1	suffix	7	^[0-9]+-[0-9]*7$	6abedb6066b085bdd0c93bbbfa9be84ec5858f2c7137903f913983138a059269	raw/opencitations/W0A01/backward_snapshot_attempt_01/oci_axis/backward_partitions/depth_00/digits_01_suffix_7.json	4
0	W0A01	CLASSICO/Evidente	backward	1	9	0	1	suffix	8	^[0-9]+-[0-9]*8$	04a833ba03f25fade436a8267ba826fae33bbe9470dd8e66fdb86d25ca8d0e71	raw/opencitations/W0A01/backward_snapshot_attempt_01/oci_axis/backward_partitions/depth_00/digits_01_suffix_8.json	6
0	W0A01	CLASSICO/Evidente	backward	1	10	0	1	suffix	9	^[0-9]+-[0-9]*9$	2efe66f17b6f8d4774afe5ebaaec4f4238220a12528853eba111f4b733673977	raw/opencitations/W0A01/backward_snapshot_attempt_01/oci_axis/backward_partitions/depth_00/digits_01_suffix_9.json	5
0	W0A01	CLASSICO/Evidente	forward	1	1	0	1	suffix	0	^[0-9]*0-[0-9]+$	7c2e3eff1ba242621f1d99a972dc6d067ee6fcd0f57f94e4bee35538ca32a75f	raw/opencitations/W0A01/forward_snapshot_attempt_01/oci_axis/forward_partitions/depth_00/digits_01_suffix_0.json	0
0	W0A01	CLASSICO/Evidente	forward	1	2	0	1	suffix	1	^[0-9]*1-[0-9]+$	55424ae498391f96cdcca7f82b015ccfbb8d1d4025e12a70375c44211214caa8	raw/opencitations/W0A01/forward_snapshot_attempt_01/oci_axis/forward_partitions/depth_00/digits_01_suffix_1.json	0
0	W0A01	CLASSICO/Evidente	forward	1	3	0	1	suffix	2	^[0-9]*2-[0-9]+$	3a2464ab45560b53c01fb09f18a9d6b4c3e522c5c9aea11bf550fff8b5530d36	raw/opencitations/W0A01/forward_snapshot_attempt_01/oci_axis/forward_partitions/depth_00/digits_01_suffix_2.json	1
0	W0A01	CLASSICO/Evidente	forward	1	4	0	1	suffix	3	^[0-9]*3-[0-9]+$	6b2ecc457e41e705e4e0e1cffc559aafb9dd479eae5724f69366f430cab1dfbf	raw/opencitations/W0A01/forward_snapshot_attempt_01/oci_axis/forward_partitions/depth_00/digits_01_suffix_3.json	0
0	W0A01	CLASSICO/Evidente	forward	1	5	0	1	suffix	4	^[0-9]*4-[0-9]+$	7615f5bf3764f5755f5b45c5f32839d7f75c741866396a9cd625d1dd57a6a30f	raw/opencitations/W0A01/forward_snapshot_attempt_01/oci_axis/forward_partitions/depth_00/digits_01_suffix_4.json	0
0	W0A01	CLASSICO/Evidente	forward	1	6	0	1	suffix	5	^[0-9]*5-[0-9]+$	c7e21ccefaeb78c293e2a887b621e01af22169f9c526c63dd2f52fc66f05df44	raw/opencitations/W0A01/forward_snapshot_attempt_01/oci_axis/forward_partitions/depth_00/digits_01_suffix_5.json	0
0	W0A01	CLASSICO/Evidente	forward	1	7	0	1	suffix	6	^[0-9]*6-[0-9]+$	4929c6fce2fc747b36b96448dfc6f9156b6d027da5445b7e11e5a720bd47bdba	raw/opencitations/W0A01/forward_snapshot_attempt_01/oci_axis/forward_partitions/depth_00/digits_01_suffix_6.json	1
0	W0A01	CLASSICO/Evidente	forward	1	8	0	1	suffix	7	^[0-9]*7-[0-9]+$	334fd36dbdbab0dba5b4f367209c90be2fd6c10083b6c27de63bd627e814ad17	raw/opencitations/W0A01/forward_snapshot_attempt_01/oci_axis/forward_partitions/depth_00/digits_01_suffix_7.json	1
0	W0A01	CLASSICO/Evidente	forward	1	9	0	1	suffix	8	^[0-9]*8-[0-9]+$	af0caee5b2560861e2b954889a83ac14ea43bd78871cb6f87264d5323dda73c8	raw/opencitations/W0A01/forward_snapshot_attempt_01/oci_axis/forward_partitions/depth_00/digits_01_suffix_8.json	0
0	W0A01	CLASSICO/Evidente	forward	1	10	0	1	suffix	9	^[0-9]*9-[0-9]+$	eff934dedb21f11b49f84989829351271003e937534398aab5de7da27d961bd4	raw/opencitations/W0A01/forward_snapshot_attempt_01/oci_axis/forward_partitions/depth_00/digits_01_suffix_9.json	0
0	W0A02	SNPPar	backward	1	1	0	1	suffix	0	^[0-9]+-[0-9]*0$	2bc341d65d2777c239316aaad16dfd3f33f181d096c5b4fab664119d4609426f	raw/opencitations/W0A02/backward_snapshot_attempt_01/oci_axis/backward_partitions/depth_00/digits_01_suffix_0.json	2
0	W0A02	SNPPar	backward	1	2	0	1	suffix	1	^[0-9]+-[0-9]*1$	f461b8b24b435b4b9d9676ea5117eb3de294b9f1f8549e3c540a0b3591909e45	raw/opencitations/W0A02/backward_snapshot_attempt_01/oci_axis/backward_partitions/depth_00/digits_01_suffix_1.json	6
0	W0A02	SNPPar	backward	1	3	0	1	suffix	2	^[0-9]+-[0-9]*2$	7387d8f53acd646c101d22b1c57a62d2c5ec9b0df23725c28528ac93aa9e3f4e	raw/opencitations/W0A02/backward_snapshot_attempt_01/oci_axis/backward_partitions/depth_00/digits_01_suffix_2.json	8
0	W0A02	SNPPar	backward	1	4	0	1	suffix	3	^[0-9]+-[0-9]*3$	1338c4f2ed714bbd4c4521a7445742ad884807ed05aafbc5fb314dcb89d20ca3	raw/opencitations/W0A02/backward_snapshot_attempt_01/oci_axis/backward_partitions/depth_00/digits_01_suffix_3.json	6
0	W0A02	SNPPar	backward	1	5	0	1	suffix	4	^[0-9]+-[0-9]*4$	c4027fe1a1fc355392c3280ea5bd5c1b4f72299b1d28bd292fd20e79156f646a	raw/opencitations/W0A02/backward_snapshot_attempt_01/oci_axis/backward_partitions/depth_00/digits_01_suffix_4.json	5
0	W0A02	SNPPar	backward	1	6	0	1	suffix	5	^[0-9]+-[0-9]*5$	630c32c47f6e1d08ccb6fb813d2bb413b475a312e88408d642d88f117ad49d97	raw/opencitations/W0A02/backward_snapshot_attempt_01/oci_axis/backward_partitions/depth_00/digits_01_suffix_5.json	1
0	W0A02	SNPPar	backward	1	7	0	1	suffix	6	^[0-9]+-[0-9]*6$	f1101602b7b2f2f5825840681651889514180a57f2947baa286a46cc790cdf1c	raw/opencitations/W0A02/backward_snapshot_attempt_01/oci_axis/backward_partitions/depth_00/digits_01_suffix_6.json	4
0	W0A02	SNPPar	backward	1	8	0	1	suffix	7	^[0-9]+-[0-9]*7$	9985b5fd2e8ca7b1cd5d1eb5309cf6661191e8ce7a70805cd3cbc54da4a743fc	raw/opencitations/W0A02/backward_snapshot_attempt_01/oci_axis/backward_partitions/depth_00/digits_01_suffix_7.json	4
0	W0A02	SNPPar	backward	1	9	0	1	suffix	8	^[0-9]+-[0-9]*8$	a5a8cd1220d8c7baa1fc15d9e17824b778151cdbf09e7becc4f0ed8827554b93	raw/opencitations/W0A02/backward_snapshot_attempt_01/oci_axis/backward_partitions/depth_00/digits_01_suffix_8.json	3
0	W0A02	SNPPar	backward	1	10	0	1	suffix	9	^[0-9]+-[0-9]*9$	9a188dad025089be935907df2cceafbdae21ce76957bf0464b9648900b6c9bca	raw/opencitations/W0A02/backward_snapshot_attempt_01/oci_axis/backward_partitions/depth_00/digits_01_suffix_9.json	3
0	W0A02	SNPPar	forward	1	1	0	1	suffix	0	^[0-9]*0-[0-9]+$	df5a4b629dfaf04cc882215658d9bf277282c7eeef543b8cf1eb602cbd067620	raw/opencitations/W0A02/forward_snapshot_attempt_01/oci_axis/forward_partitions/depth_00/digits_01_suffix_0.json	4
0	W0A02	SNPPar	forward	1	2	0	1	suffix	1	^[0-9]*1-[0-9]+$	14970445f27f070fbe689eb5af7c45a06800dd2f52b7e503b0a14de782b37f5e	raw/opencitations/W0A02/forward_snapshot_attempt_01/oci_axis/forward_partitions/depth_00/digits_01_suffix_1.json	1
0	W0A02	SNPPar	forward	1	3	0	1	suffix	2	^[0-9]*2-[0-9]+$	1bf92a31144a04add22ab41a78d5adc7f9bde53ebf63585c6a83667766f5e028	raw/opencitations/W0A02/forward_snapshot_attempt_01/oci_axis/forward_partitions/depth_00/digits_01_suffix_2.json	1
0	W0A02	SNPPar	forward	1	4	0	1	suffix	3	^[0-9]*3-[0-9]+$	0ff0bcc04cec68cf1c9379dc5de5a3931824b39a82dd3235ad49b8ffafb47118	raw/opencitations/W0A02/forward_snapshot_attempt_01/oci_axis/forward_partitions/depth_00/digits_01_suffix_3.json	0
0	W0A02	SNPPar	forward	1	5	0	1	suffix	4	^[0-9]*4-[0-9]+$	29759057622d9e46b99b4ee5d0bfc50bedff4084a9d7b3a7e16d1452cba2d7eb	raw/opencitations/W0A02/forward_snapshot_attempt_01/oci_axis/forward_partitions/depth_00/digits_01_suffix_4.json	1
0	W0A02	SNPPar	forward	1	6	0	1	suffix	5	^[0-9]*5-[0-9]+$	1983228b934962addb96f978869205973435060ca0b7883d02755748c24fbeb5	raw/opencitations/W0A02/forward_snapshot_attempt_01/oci_axis/forward_partitions/depth_00/digits_01_suffix_5.json	2
0	W0A02	SNPPar	forward	1	7	0	1	suffix	6	^[0-9]*6-[0-9]+$	d32aee4ecc7223f7d175fd14caaee5b3a3ee0a05da53d103fcff85956f273307	raw/opencitations/W0A02/forward_snapshot_attempt_01/oci_axis/forward_partitions/depth_00/digits_01_suffix_6.json	1
0	W0A02	SNPPar	forward	1	8	0	1	suffix	7	^[0-9]*7-[0-9]+$	f4f48bcfecd391a3c36f422d5982d2da318208a969478340f3c7c21dc1d94eb3	raw/opencitations/W0A02/forward_snapshot_attempt_01/oci_axis/forward_partitions/depth_00/digits_01_suffix_7.json	2
0	W0A02	SNPPar	forward	1	9	0	1	suffix	8	^[0-9]*8-[0-9]+$	089e4fa688322e7a01608f5c4a38677249c6a5e438b7ccbb8d7256ac114887e9	raw/opencitations/W0A02/forward_snapshot_attempt_01/oci_axis/forward_partitions/depth_00/digits_01_suffix_8.json	3
0	W0A02	SNPPar	forward	1	10	0	1	suffix	9	^[0-9]*9-[0-9]+$	78f9408a72aa0051d537bef1030f5f0b35bfbb1348210aa5f0232c292ca868f5	raw/opencitations/W0A02/forward_snapshot_attempt_01/oci_axis/forward_partitions/depth_00/digits_01_suffix_9.json	1
0	W0A03	SubRecon	backward	1	1	0	1	suffix	0	^[0-9]+-[0-9]*0$	11b76dd835b44336268e75a8da877c399d67810630cc121c1f1e54b9a9636ad9	raw/opencitations/W0A03/backward_snapshot_attempt_01/oci_axis/backward_partitions/depth_00/digits_01_suffix_0.json	1
0	W0A03	SubRecon	backward	1	2	0	1	suffix	1	^[0-9]+-[0-9]*1$	62f648025647ec93cd8b80f154733e4da79c7916439ccccbe5f83c1a5bb382dd	raw/opencitations/W0A03/backward_snapshot_attempt_01/oci_axis/backward_partitions/depth_00/digits_01_suffix_1.json	3
0	W0A03	SubRecon	backward	1	3	0	1	suffix	2	^[0-9]+-[0-9]*2$	b03bcc718a3eb6a7accc5477ac927c1bbb1b3afaf447c86c0077e721c3edf32f	raw/opencitations/W0A03/backward_snapshot_attempt_01/oci_axis/backward_partitions/depth_00/digits_01_suffix_2.json	0
0	W0A03	SubRecon	backward	1	4	0	1	suffix	3	^[0-9]+-[0-9]*3$	8601a7f163c65b6879451557a6c5f7f4f049f8f7217c85dcc1f2cf2e770f9880	raw/opencitations/W0A03/backward_snapshot_attempt_01/oci_axis/backward_partitions/depth_00/digits_01_suffix_3.json	0
0	W0A03	SubRecon	backward	1	5	0	1	suffix	4	^[0-9]+-[0-9]*4$	fe187108284e60fbf8feac9c6968365be5b48fb0cbd9c9641007faf68640cf28	raw/opencitations/W0A03/backward_snapshot_attempt_01/oci_axis/backward_partitions/depth_00/digits_01_suffix_4.json	2
0	W0A03	SubRecon	backward	1	6	0	1	suffix	5	^[0-9]+-[0-9]*5$	973e7c5a9c321b525281abad9ab312354049b6d90689f326ea2aa443b18a33e2	raw/opencitations/W0A03/backward_snapshot_attempt_01/oci_axis/backward_partitions/depth_00/digits_01_suffix_5.json	2
0	W0A03	SubRecon	backward	1	7	0	1	suffix	6	^[0-9]+-[0-9]*6$	7a6ecf56d732c0132269b01f333c55c16fa6d740a85526f96bc1438b33215fb4	raw/opencitations/W0A03/backward_snapshot_attempt_01/oci_axis/backward_partitions/depth_00/digits_01_suffix_6.json	1
0	W0A03	SubRecon	backward	1	8	0	1	suffix	7	^[0-9]+-[0-9]*7$	7d5e67f54daf6f023e02b8bd5ba61f21d356a816e9e7444ef8e9de77a3672514	raw/opencitations/W0A03/backward_snapshot_attempt_01/oci_axis/backward_partitions/depth_00/digits_01_suffix_7.json	1
0	W0A03	SubRecon	backward	1	9	0	1	suffix	8	^[0-9]+-[0-9]*8$	0241cd228655dce7909897df119127cbb684706880c346dc86847a05503a3287	raw/opencitations/W0A03/backward_snapshot_attempt_01/oci_axis/backward_partitions/depth_00/digits_01_suffix_8.json	0
0	W0A03	SubRecon	backward	1	10	0	1	suffix	9	^[0-9]+-[0-9]*9$	40d3b72a667c6e12047e4fe8f2ada4e6c4a1883bc906465894432d784b7e2ec2	raw/opencitations/W0A03/backward_snapshot_attempt_01/oci_axis/backward_partitions/depth_00/digits_01_suffix_9.json	0
0	W0A03	SubRecon	forward	1	1	0	1	suffix	0	^[0-9]*0-[0-9]+$	d09f9fadf9586a8b05ce49237b798439e5f66a241bb2c5c4e488f25b2bbdeb7b	raw/opencitations/W0A03/forward_snapshot_attempt_01/oci_axis/forward_partitions/depth_00/digits_01_suffix_0.json	0
0	W0A03	SubRecon	forward	1	2	0	1	suffix	1	^[0-9]*1-[0-9]+$	f0284a331961d505701cb233b959656e2ba4e39004b9c1c82a8dd894948024b2	raw/opencitations/W0A03/forward_snapshot_attempt_01/oci_axis/forward_partitions/depth_00/digits_01_suffix_1.json	2
0	W0A03	SubRecon	forward	1	3	0	1	suffix	2	^[0-9]*2-[0-9]+$	4697433ac051d4b6c5bef680791e3253533dd61862b6b7fec55c07f7ee8fbe1c	raw/opencitations/W0A03/forward_snapshot_attempt_01/oci_axis/forward_partitions/depth_00/digits_01_suffix_2.json	1
0	W0A03	SubRecon	forward	1	4	0	1	suffix	3	^[0-9]*3-[0-9]+$	dcdc5f59b5443cf931309f369792b554f1e8f278dedaae59575b3a5649eeb2b5	raw/opencitations/W0A03/forward_snapshot_attempt_01/oci_axis/forward_partitions/depth_00/digits_01_suffix_3.json	1
0	W0A03	SubRecon	forward	1	5	0	1	suffix	4	^[0-9]*4-[0-9]+$	95292d63bcef7fe251d877ae8ddf7d526fa61280948048374ed71954e61bbc10	raw/opencitations/W0A03/forward_snapshot_attempt_01/oci_axis/forward_partitions/depth_00/digits_01_suffix_4.json	0
0	W0A03	SubRecon	forward	1	6	0	1	suffix	5	^[0-9]*5-[0-9]+$	47e7b3840520eeea2fd5e72899fa8ec2d69fbef8020ddc45f125e358720b1f40	raw/opencitations/W0A03/forward_snapshot_attempt_01/oci_axis/forward_partitions/depth_00/digits_01_suffix_5.json	1
0	W0A03	SubRecon	forward	1	7	0	1	suffix	6	^[0-9]*6-[0-9]+$	6074088ae1c0dc2bfa7c6870aadb3e915fab6f42f2bd2056394e35e1df11153a	raw/opencitations/W0A03/forward_snapshot_attempt_01/oci_axis/forward_partitions/depth_00/digits_01_suffix_6.json	0
0	W0A03	SubRecon	forward	1	8	0	1	suffix	7	^[0-9]*7-[0-9]+$	65e34ae7be74e77e4116ec04e700db51b5ac54475594afc7c218612df245cc99	raw/opencitations/W0A03/forward_snapshot_attempt_01/oci_axis/forward_partitions/depth_00/digits_01_suffix_7.json	0
0	W0A03	SubRecon	forward	1	9	0	1	suffix	8	^[0-9]*8-[0-9]+$	91a76b6238bf0e83a6cb7ba94400d3ee71786039c028b9d25840e910d8e60c68	raw/opencitations/W0A03/forward_snapshot_attempt_01/oci_axis/forward_partitions/depth_00/digits_01_suffix_8.json	0
0	W0A03	SubRecon	forward	1	10	0	1	suffix	9	^[0-9]*9-[0-9]+$	c211a3aa69687c9c8693343999b83676a196486290ea3b5fbcec6ffe32020c91	raw/opencitations/W0A03/forward_snapshot_attempt_01/oci_axis/forward_partitions/depth_00/digits_01_suffix_9.json	1
0	W0A04	TreeTime	backward	1	1	0	1	suffix	0	^[0-9]+-[0-9]*0$	e376295da9fd459e68711e19a0a9d98bce681f8565b576107f54f4eb7ba231d2	raw/opencitations/W0A04/backward_snapshot_attempt_01/oci_axis/backward_partitions/depth_00/digits_01_suffix_0.json	1
0	W0A04	TreeTime	backward	1	2	0	1	suffix	1	^[0-9]+-[0-9]*1$	e3aef88aaa4c14dd7c61ed367f976000fba4b34a3ef760b6e1ea275b16024f65	raw/opencitations/W0A04/backward_snapshot_attempt_01/oci_axis/backward_partitions/depth_00/digits_01_suffix_1.json	2
0	W0A04	TreeTime	backward	1	3	0	1	suffix	2	^[0-9]+-[0-9]*2$	6aac5d0873dc538d5aa691cd73a942b500414aeb227ed972df1f5ae63ea38106	raw/opencitations/W0A04/backward_snapshot_attempt_01/oci_axis/backward_partitions/depth_00/digits_01_suffix_2.json	3
0	W0A04	TreeTime	backward	1	4	0	1	suffix	3	^[0-9]+-[0-9]*3$	2ef1c87fcf126af8187d0afa439ca4027d6e8f5709e9815fbee88912bf27beb8	raw/opencitations/W0A04/backward_snapshot_attempt_01/oci_axis/backward_partitions/depth_00/digits_01_suffix_3.json	3
0	W0A04	TreeTime	backward	1	5	0	1	suffix	4	^[0-9]+-[0-9]*4$	6c92e3c14ce6f13978465a6c61df6d1ff39f96d77f465afa6a64586b46bea27d	raw/opencitations/W0A04/backward_snapshot_attempt_01/oci_axis/backward_partitions/depth_00/digits_01_suffix_4.json	4
0	W0A04	TreeTime	backward	1	6	0	1	suffix	5	^[0-9]+-[0-9]*5$	c7d8f79e5e0e22cb2030a9fca54db793376122093fe51d589c5570652a3012d6	raw/opencitations/W0A04/backward_snapshot_attempt_01/oci_axis/backward_partitions/depth_00/digits_01_suffix_5.json	2
0	W0A04	TreeTime	backward	1	7	0	1	suffix	6	^[0-9]+-[0-9]*6$	10933b9c2bf94ec8c043c253df80c6d0c30475791ade224f0c76ab36fa85d7c8	raw/opencitations/W0A04/backward_snapshot_attempt_01/oci_axis/backward_partitions/depth_00/digits_01_suffix_6.json	5
0	W0A04	TreeTime	backward	1	8	0	1	suffix	7	^[0-9]+-[0-9]*7$	bf1d6a1660fcdc97b4dc3892886e982e26c081d5df51572e6b0e972234362ed6	raw/opencitations/W0A04/backward_snapshot_attempt_01/oci_axis/backward_partitions/depth_00/digits_01_suffix_7.json	3
0	W0A04	TreeTime	backward	1	9	0	1	suffix	8	^[0-9]+-[0-9]*8$	485280922470c8c6936116987347f7dcabbbbfedbdd7511dea576f44d587405b	raw/opencitations/W0A04/backward_snapshot_attempt_01/oci_axis/backward_partitions/depth_00/digits_01_suffix_8.json	2
0	W0A04	TreeTime	backward	1	10	0	1	suffix	9	^[0-9]+-[0-9]*9$	7b9486fa851fffa719bbeec4c57c174dfa7c636596bb36e3b1afd90856cacc5b	raw/opencitations/W0A04/backward_snapshot_attempt_01/oci_axis/backward_partitions/depth_00/digits_01_suffix_9.json	4
0	W0A04	TreeTime	forward	1	1	0	1	suffix	0	^[0-9]*0-[0-9]+$	2805b8fe554962cf6c043f534c430bdbbdbc833ebcb524f7719fd58e2ad86387	raw/opencitations/W0A04/forward_snapshot_attempt_01/oci_axis/forward_partitions/depth_00/digits_01_suffix_0.json	110
0	W0A04	TreeTime	forward	1	2	0	1	suffix	1	^[0-9]*1-[0-9]+$	81339799fb66aa486db8642ac5d0b0e388967e9af0fbedca934f4ab4d88748c8	raw/opencitations/W0A04/forward_snapshot_attempt_01/oci_axis/forward_partitions/depth_00/digits_01_suffix_1.json	137
0	W0A04	TreeTime	forward	1	3	0	1	suffix	2	^[0-9]*2-[0-9]+$	9e4bd02b662ea0ea923452169b10611646162529a848f9981870d883edfcd94d	raw/opencitations/W0A04/forward_snapshot_attempt_01/oci_axis/forward_partitions/depth_00/digits_01_suffix_2.json	111
0	W0A04	TreeTime	forward	1	4	0	1	suffix	3	^[0-9]*3-[0-9]+$	07a4c0d2271366094479dd22b986b6b9cb42407dab7cc8b9ea52d6a1958fe375	raw/opencitations/W0A04/forward_snapshot_attempt_01/oci_axis/forward_partitions/depth_00/digits_01_suffix_3.json	126
0	W0A04	TreeTime	forward	1	5	0	1	suffix	4	^[0-9]*4-[0-9]+$	6acb1c688e1931345af89be277e15d15f497525e8afa9d67f57abb50b81f16d4	raw/opencitations/W0A04/forward_snapshot_attempt_01/oci_axis/forward_partitions/depth_00/digits_01_suffix_4.json	150
0	W0A04	TreeTime	forward	1	6	0	1	suffix	5	^[0-9]*5-[0-9]+$	145e8e7167d03d749e702b0e497c38e3c4d1e17314899467e09a8a3917467d6a	raw/opencitations/W0A04/forward_snapshot_attempt_01/oci_axis/forward_partitions/depth_00/digits_01_suffix_5.json	128
0	W0A04	TreeTime	forward	1	7	0	1	suffix	6	^[0-9]*6-[0-9]+$	ca25048c574b7757ab51b9fc6eac5f1278b129f5d47f03ffc2dd9ee9b9beb9ae	raw/opencitations/W0A04/forward_snapshot_attempt_01/oci_axis/forward_partitions/depth_00/digits_01_suffix_6.json	134
0	W0A04	TreeTime	forward	1	8	0	1	suffix	7	^[0-9]*7-[0-9]+$	e84595c997d3a8f5760e48a64982f882f436cde0647da3951bc6e8f0d2f2af07	raw/opencitations/W0A04/forward_snapshot_attempt_01/oci_axis/forward_partitions/depth_00/digits_01_suffix_7.json	138
0	W0A04	TreeTime	forward	1	9	0	1	suffix	8	^[0-9]*8-[0-9]+$	737dba8c8bd1fb6c3b6c5f0af4d14a0fa588be96a3bd88998e5e1eaf7ce2c5a4	raw/opencitations/W0A04/forward_snapshot_attempt_01/oci_axis/forward_partitions/depth_00/digits_01_suffix_8.json	127
0	W0A04	TreeTime	forward	1	10	0	1	suffix	9	^[0-9]*9-[0-9]+$	8199123be299180e1ef167b34a7a794c3f83d776db1d273c88e8e3f82f2e35dd	raw/opencitations/W0A04/forward_snapshot_attempt_01/oci_axis/forward_partitions/depth_00/digits_01_suffix_9.json	136
0	W0A05	FastML	backward	1	1	0	1	suffix	0	^[0-9]+-[0-9]*0$	0da42fd6b4d067fcb2bc1e6c59c6b32e2c73bd1f4bcf3263acbd1341b49c2766	raw/opencitations/W0A05/backward_snapshot_attempt_01/oci_axis/backward_partitions/depth_00/digits_01_suffix_0.json	5
0	W0A05	FastML	backward	1	2	0	1	suffix	1	^[0-9]+-[0-9]*1$	f86d7801cd6b046d9ff06e25f83dbead034ef43944819447926cb56c838aaa66	raw/opencitations/W0A05/backward_snapshot_attempt_01/oci_axis/backward_partitions/depth_00/digits_01_suffix_1.json	2
0	W0A05	FastML	backward	1	3	0	1	suffix	2	^[0-9]+-[0-9]*2$	ffcc95ec1413cf8d58d4bea0527767bad94d3948764dd99de483e662f306736c	raw/opencitations/W0A05/backward_snapshot_attempt_01/oci_axis/backward_partitions/depth_00/digits_01_suffix_2.json	3
0	W0A05	FastML	backward	1	4	0	1	suffix	3	^[0-9]+-[0-9]*3$	c77d78ca37f3614827e2009e739880be776fbb1c356c246ddb30040c9cce7337	raw/opencitations/W0A05/backward_snapshot_attempt_01/oci_axis/backward_partitions/depth_00/digits_01_suffix_3.json	1
0	W0A05	FastML	backward	1	5	0	1	suffix	4	^[0-9]+-[0-9]*4$	806511cea82a836e88498ba8f95e44812685cc8d63441274edf3ac99c1923b5b	raw/opencitations/W0A05/backward_snapshot_attempt_01/oci_axis/backward_partitions/depth_00/digits_01_suffix_4.json	5
0	W0A05	FastML	backward	1	6	0	1	suffix	5	^[0-9]+-[0-9]*5$	fd6bcd96421b1a6f3a0c7c9a81d245458d51cc2eb6167e38d3240410e0d59bcf	raw/opencitations/W0A05/backward_snapshot_attempt_01/oci_axis/backward_partitions/depth_00/digits_01_suffix_5.json	4
0	W0A05	FastML	backward	1	7	0	1	suffix	6	^[0-9]+-[0-9]*6$	fd53157597858d7869920f6201b3bf60bd0db3b8e2472f3e653e28240f5716ab	raw/opencitations/W0A05/backward_snapshot_attempt_01/oci_axis/backward_partitions/depth_00/digits_01_suffix_6.json	6
0	W0A05	FastML	backward	1	8	0	1	suffix	7	^[0-9]+-[0-9]*7$	45ccf55e1eb1c6883eb913cc2e3147e3bd8b9c71c9577154c470c921353a962e	raw/opencitations/W0A05/backward_snapshot_attempt_01/oci_axis/backward_partitions/depth_00/digits_01_suffix_7.json	3
0	W0A05	FastML	backward	1	9	0	1	suffix	8	^[0-9]+-[0-9]*8$	328ef7f3876747d91a2cc74b067a282367eca6a0619fe19ff9763b621174f959	raw/opencitations/W0A05/backward_snapshot_attempt_01/oci_axis/backward_partitions/depth_00/digits_01_suffix_8.json	4
0	W0A05	FastML	backward	1	10	0	1	suffix	9	^[0-9]+-[0-9]*9$	c26d92cd1d45573bf23deefc89ebdb7e44d59b228eef87fd1f2ccfe3ee3c6e7d	raw/opencitations/W0A05/backward_snapshot_attempt_01/oci_axis/backward_partitions/depth_00/digits_01_suffix_9.json	0
0	W0A05	FastML	forward	1	1	0	1	suffix	0	^[0-9]*0-[0-9]+$	8c7ae1c6405c70a2aa3a66e2e475fb3d97ef6d4a48e5783d19b239eabc0c970e	raw/opencitations/W0A05/forward_snapshot_attempt_01/oci_axis/forward_partitions/depth_00/digits_01_suffix_0.json	35
0	W0A05	FastML	forward	1	2	0	1	suffix	1	^[0-9]*1-[0-9]+$	f55a8ebefa9506e216a01025b15bea4f0511fee9d24df2a41120a3cf8e5ad6ae	raw/opencitations/W0A05/forward_snapshot_attempt_01/oci_axis/forward_partitions/depth_00/digits_01_suffix_1.json	31
0	W0A05	FastML	forward	1	3	0	1	suffix	2	^[0-9]*2-[0-9]+$	4ac16c408d98d304b6d9a961fe16e237b21168f2631b87f1531e53920f063b5e	raw/opencitations/W0A05/forward_snapshot_attempt_01/oci_axis/forward_partitions/depth_00/digits_01_suffix_2.json	23
0	W0A05	FastML	forward	1	4	0	1	suffix	3	^[0-9]*3-[0-9]+$	f4443e944a1de74c81ac16864685af0419207722354a72e0d0b40ddf5ff53d50	raw/opencitations/W0A05/forward_snapshot_attempt_01/oci_axis/forward_partitions/depth_00/digits_01_suffix_3.json	41
0	W0A05	FastML	forward	1	5	0	1	suffix	4	^[0-9]*4-[0-9]+$	3bd067d646992cddd05494b33c98db0efa5e1af8097b7ea51d35b09b151adc27	raw/opencitations/W0A05/forward_snapshot_attempt_01/oci_axis/forward_partitions/depth_00/digits_01_suffix_4.json	35
0	W0A05	FastML	forward	1	6	0	1	suffix	5	^[0-9]*5-[0-9]+$	72fd31dbea73d21ff72bb73fbb338c25df46df265653b95b2a930ca6a11453cf	raw/opencitations/W0A05/forward_snapshot_attempt_01/oci_axis/forward_partitions/depth_00/digits_01_suffix_5.json	51
0	W0A05	FastML	forward	1	7	0	1	suffix	6	^[0-9]*6-[0-9]+$	6ffbbf3b0cd19fa5c1f8e9334b88e2016a062ffd4b896239e7b2c9997f62cffb	raw/opencitations/W0A05/forward_snapshot_attempt_01/oci_axis/forward_partitions/depth_00/digits_01_suffix_6.json	43
0	W0A05	FastML	forward	1	8	0	1	suffix	7	^[0-9]*7-[0-9]+$	0de4077a158dd6c391fe11beaad7a5c75f63fcf094cd72e72158cf99ebe44264	raw/opencitations/W0A05/forward_snapshot_attempt_01/oci_axis/forward_partitions/depth_00/digits_01_suffix_7.json	38
0	W0A05	FastML	forward	1	9	0	1	suffix	8	^[0-9]*8-[0-9]+$	dc79bb2481a120821c42f098c8167c66bee4cb14b77b3d87b71be4b2e6a950f0	raw/opencitations/W0A05/forward_snapshot_attempt_01/oci_axis/forward_partitions/depth_00/digits_01_suffix_8.json	30
0	W0A05	FastML	forward	1	10	0	1	suffix	9	^[0-9]*9-[0-9]+$	6ada9d00bdcb9890464ccc9661c15b32db57ad585fa9bd019b1da308adb7cca0	raw/opencitations/W0A05/forward_snapshot_attempt_01/oci_axis/forward_partitions/depth_00/digits_01_suffix_9.json	26
0	W0A06	kSNP3.0	backward	1	1	0	1	suffix	0	^[0-9]+-[0-9]*0$	27c75ac7c4704f8483bfa2de69a4d61494f3406d26e744b7517d10eaf34e5205	raw/opencitations/W0A06/backward_snapshot_attempt_01/oci_axis/backward_partitions/depth_00/digits_01_suffix_0.json	0
0	W0A06	kSNP3.0	backward	1	2	0	1	suffix	1	^[0-9]+-[0-9]*1$	bbbdc27aea94add013eb1362f0c004bf4816512da2865a5cf6f3457af9a91508	raw/opencitations/W0A06/backward_snapshot_attempt_01/oci_axis/backward_partitions/depth_00/digits_01_suffix_1.json	1
0	W0A06	kSNP3.0	backward	1	3	0	1	suffix	2	^[0-9]+-[0-9]*2$	3b7dd4817508689589519aaef31157d2787f340413fafe4720c04feee1160b73	raw/opencitations/W0A06/backward_snapshot_attempt_01/oci_axis/backward_partitions/depth_00/digits_01_suffix_2.json	1
0	W0A06	kSNP3.0	backward	1	4	0	1	suffix	3	^[0-9]+-[0-9]*3$	e439b98448e8f789270bfa157c8ca658afa771e27544906a914b49957d1678f9	raw/opencitations/W0A06/backward_snapshot_attempt_01/oci_axis/backward_partitions/depth_00/digits_01_suffix_3.json	2
0	W0A06	kSNP3.0	backward	1	5	0	1	suffix	4	^[0-9]+-[0-9]*4$	ed17bcf04460a5d227cca4d3761f5681f3bf647bb598fb80ed03a7ec0ccf4a10	raw/opencitations/W0A06/backward_snapshot_attempt_01/oci_axis/backward_partitions/depth_00/digits_01_suffix_4.json	0
0	W0A06	kSNP3.0	backward	1	6	0	1	suffix	5	^[0-9]+-[0-9]*5$	5a44e2d613e2ba7fe75e0b15532867fb0fafcf6fedd89d9558df5fab9f95723d	raw/opencitations/W0A06/backward_snapshot_attempt_01/oci_axis/backward_partitions/depth_00/digits_01_suffix_5.json	0
0	W0A06	kSNP3.0	backward	1	7	0	1	suffix	6	^[0-9]+-[0-9]*6$	ed5b348f0bd84b909b83179b15a37fbe5a9c84c3ad4e0b5ad6c952bc04c5fb0b	raw/opencitations/W0A06/backward_snapshot_attempt_01/oci_axis/backward_partitions/depth_00/digits_01_suffix_6.json	0
0	W0A06	kSNP3.0	backward	1	8	0	1	suffix	7	^[0-9]+-[0-9]*7$	1282b193348917cc4b2eff7b741828a95f7f2847271e04594d1acc75ac2a54da	raw/opencitations/W0A06/backward_snapshot_attempt_01/oci_axis/backward_partitions/depth_00/digits_01_suffix_7.json	0
0	W0A06	kSNP3.0	backward	1	9	0	1	suffix	8	^[0-9]+-[0-9]*8$	d8df57784c9d37fc4a475350e5288caab1c255980014fe6140f26987dd9b8da5	raw/opencitations/W0A06/backward_snapshot_attempt_01/oci_axis/backward_partitions/depth_00/digits_01_suffix_8.json	3
0	W0A06	kSNP3.0	backward	1	10	0	1	suffix	9	^[0-9]+-[0-9]*9$	59fb63f040a827dfbb506121873c90117c36cf114550907f357f89cea203f727	raw/opencitations/W0A06/backward_snapshot_attempt_01/oci_axis/backward_partitions/depth_00/digits_01_suffix_9.json	1
0	W0A06	kSNP3.0	forward	1	1	0	1	suffix	0	^[0-9]*0-[0-9]+$	46412a6308c6e208854141b448b876ccc45cd41b14928e558ee2acc0e92d91d8	raw/opencitations/W0A06/forward_snapshot_attempt_01/oci_axis/forward_partitions/depth_00/digits_01_suffix_0.json	54
0	W0A06	kSNP3.0	forward	1	2	0	1	suffix	1	^[0-9]*1-[0-9]+$	300e8f2493043ca07b030ca7a38975574c75152a8aaf39cf4fa7d4467b8af792	raw/opencitations/W0A06/forward_snapshot_attempt_01/oci_axis/forward_partitions/depth_00/digits_01_suffix_1.json	48
0	W0A06	kSNP3.0	forward	1	3	0	1	suffix	2	^[0-9]*2-[0-9]+$	29c6e3676bab22b9631c6c6837ce74557beef50399ebf85eebb86e1f945fdbaa	raw/opencitations/W0A06/forward_snapshot_attempt_01/oci_axis/forward_partitions/depth_00/digits_01_suffix_2.json	78
0	W0A06	kSNP3.0	forward	1	4	0	1	suffix	3	^[0-9]*3-[0-9]+$	ede1b799747be2468753c934d6a1e3dbd7fa301750e890020b5420e04ce3239b	raw/opencitations/W0A06/forward_snapshot_attempt_01/oci_axis/forward_partitions/depth_00/digits_01_suffix_3.json	49
0	W0A06	kSNP3.0	forward	1	5	0	1	suffix	4	^[0-9]*4-[0-9]+$	60b3833ee84405c4ad3e5cc7876baa9d430ee7d8d69faa452e5c2c5dccb448e9	raw/opencitations/W0A06/forward_snapshot_attempt_01/oci_axis/forward_partitions/depth_00/digits_01_suffix_4.json	57
0	W0A06	kSNP3.0	forward	1	6	0	1	suffix	5	^[0-9]*5-[0-9]+$	1cc6a8215dc8059252970019540b1bd6f170ae6a8422e7ae89293068aebe5521	raw/opencitations/W0A06/forward_snapshot_attempt_01/oci_axis/forward_partitions/depth_00/digits_01_suffix_5.json	65
0	W0A06	kSNP3.0	forward	1	7	0	1	suffix	6	^[0-9]*6-[0-9]+$	04c12f2597897e428ddaec1dbe4c2b245a0bb1e782c8b4cee2b4ea99ae4672dc	raw/opencitations/W0A06/forward_snapshot_attempt_01/oci_axis/forward_partitions/depth_00/digits_01_suffix_6.json	61
0	W0A06	kSNP3.0	forward	1	8	0	1	suffix	7	^[0-9]*7-[0-9]+$	2f58acf4c6c616ac7f751d3f13c2066f451cb8241fa9ad940a7cffe475d1ff85	raw/opencitations/W0A06/forward_snapshot_attempt_01/oci_axis/forward_partitions/depth_00/digits_01_suffix_7.json	58
0	W0A06	kSNP3.0	forward	1	9	0	1	suffix	8	^[0-9]*8-[0-9]+$	9b010c4e83cc853569f8fe594a98c3d69dd726607e8a852a30f7ef494bd11469	raw/opencitations/W0A06/forward_snapshot_attempt_01/oci_axis/forward_partitions/depth_00/digits_01_suffix_8.json	64
0	W0A06	kSNP3.0	forward	1	10	0	1	suffix	9	^[0-9]*9-[0-9]+$	bbce406555975e6fe0239c1ef8fd1e49017d43df93f3605bee112a7213fd9491	raw/opencitations/W0A06/forward_snapshot_attempt_01/oci_axis/forward_partitions/depth_00/digits_01_suffix_9.json	71
0	W0A07	PAML	backward	1	1	0	1	suffix	0	^[0-9]+-[0-9]*0$	3349a12d9b8c954384f99e5e55a99bd9e9d0752857c4a982fff6d3375e29c94a	raw/opencitations/W0A07/backward_snapshot_attempt_01/oci_axis/backward_partitions/depth_00/digits_01_suffix_0.json	4
0	W0A07	PAML	backward	1	2	0	1	suffix	1	^[0-9]+-[0-9]*1$	10475ae9eca45b9c733a7ebb0b168018124a96ca803087f074d514c6b1654b6a	raw/opencitations/W0A07/backward_snapshot_attempt_01/oci_axis/backward_partitions/depth_00/digits_01_suffix_1.json	6
0	W0A07	PAML	backward	1	3	0	1	suffix	2	^[0-9]+-[0-9]*2$	afcb439688f858691b4ce49639f60bab1f34b0fb84afda360f000d5cb1038fe7	raw/opencitations/W0A07/backward_snapshot_attempt_01/oci_axis/backward_partitions/depth_00/digits_01_suffix_2.json	4
0	W0A07	PAML	backward	1	4	0	1	suffix	3	^[0-9]+-[0-9]*3$	20cdfb3e25ebdaca6fd42dade67375f23a8ee31c3e29ea22d0d5cb7f7ce63373	raw/opencitations/W0A07/backward_snapshot_attempt_01/oci_axis/backward_partitions/depth_00/digits_01_suffix_3.json	11
0	W0A07	PAML	backward	1	5	0	1	suffix	4	^[0-9]+-[0-9]*4$	1982f2b51f24f5e09792342fdefe0b37c2ce8d0c0a1a282547850dea5e58c2a3	raw/opencitations/W0A07/backward_snapshot_attempt_01/oci_axis/backward_partitions/depth_00/digits_01_suffix_4.json	9
0	W0A07	PAML	backward	1	6	0	1	suffix	5	^[0-9]+-[0-9]*5$	858f3c4341082b305442f153b684861d919eb473b7235cb28f86a28cbb488909	raw/opencitations/W0A07/backward_snapshot_attempt_01/oci_axis/backward_partitions/depth_00/digits_01_suffix_5.json	5
0	W0A07	PAML	backward	1	7	0	1	suffix	6	^[0-9]+-[0-9]*6$	1bf42d04e981ec9bac972dcfcecf22f5616d476576a9522970039ef288333330	raw/opencitations/W0A07/backward_snapshot_attempt_01/oci_axis/backward_partitions/depth_00/digits_01_suffix_6.json	3
0	W0A07	PAML	backward	1	8	0	1	suffix	7	^[0-9]+-[0-9]*7$	d06ca4197f07d4d30da1228fe19efe0571a6d44c7a4b522d07b17acb50330bf9	raw/opencitations/W0A07/backward_snapshot_attempt_01/oci_axis/backward_partitions/depth_00/digits_01_suffix_7.json	5
0	W0A07	PAML	backward	1	9	0	1	suffix	8	^[0-9]+-[0-9]*8$	ce11fdf1c649c3567d0e59a88f8abccd10fe40b5575a68260b807a1a492ccafe	raw/opencitations/W0A07/backward_snapshot_attempt_01/oci_axis/backward_partitions/depth_00/digits_01_suffix_8.json	3
0	W0A07	PAML	backward	1	10	0	1	suffix	9	^[0-9]+-[0-9]*9$	fcb84189c9998fc23d762412192f469c0e93d6c0ea51be3c4fb68df7140627e7	raw/opencitations/W0A07/backward_snapshot_attempt_01/oci_axis/backward_partitions/depth_00/digits_01_suffix_9.json	8
0	W0A07	PAML	forward	3	1	0	1	suffix	0	^[0-9]*0-[0-9]+$	78e0e0e9b886df0a7bc00323178998a8d1fa7b595e9c9a3c8d8215e875799c48	raw/opencitations/W0A07/forward_snapshot_attempt_03/oci_axis/forward_partitions/depth_00/digits_01_suffix_0.json	1263
0	W0A07	PAML	forward	3	2	0	1	suffix	1	^[0-9]*1-[0-9]+$	a1678315e4606e631fc5213fa7a31d25872a0d233c629fb4f5fa281cedeadb9a	raw/opencitations/W0A07/forward_snapshot_attempt_03/oci_axis/forward_partitions/depth_00/digits_01_suffix_1.json	1335
0	W0A07	PAML	forward	3	3	0	1	suffix	2	^[0-9]*2-[0-9]+$	19878f0f071a93eb1d114930383a1463f3b83357ec10d7b7505ae500c95df4aa	raw/opencitations/W0A07/forward_snapshot_attempt_03/oci_axis/forward_partitions/depth_00/digits_01_suffix_2.json	1238
0	W0A07	PAML	forward	3	4	0	1	suffix	3	^[0-9]*3-[0-9]+$	fb86f228be27053fe9ff19ff246e04071334839cd987b33206a94a4f357062c6	raw/opencitations/W0A07/forward_snapshot_attempt_03/oci_axis/forward_partitions/depth_00/digits_01_suffix_3.json	1286
0	W0A07	PAML	forward	3	5	0	1	suffix	4	^[0-9]*4-[0-9]+$	3ffdd7290871d822ce6de0b873de3ad7eeeb5c94a509cb40c7ee20b91a2081e1	raw/opencitations/W0A07/forward_snapshot_attempt_03/oci_axis/forward_partitions/depth_00/digits_01_suffix_4.json	1279
0	W0A07	PAML	forward	3	6	0	1	suffix	5	^[0-9]*5-[0-9]+$	0bcb40269006d2185ae5dc1d5bd7d463e4dcfef0bce804c43c6a4b3f51a12a0e	raw/opencitations/W0A07/forward_snapshot_attempt_03/oci_axis/forward_partitions/depth_00/digits_01_suffix_5.json	1295
0	W0A07	PAML	forward	3	7	0	1	suffix	6	^[0-9]*6-[0-9]+$	f296802f2b535f097043911d013aa8f6c8772fcb8ddba803c371ab7225890662	raw/opencitations/W0A07/forward_snapshot_attempt_03/oci_axis/forward_partitions/depth_00/digits_01_suffix_6.json	1260
0	W0A07	PAML	forward	3	8	0	1	suffix	7	^[0-9]*7-[0-9]+$	cd0aca7b41e2bc221b25c40e67e666d91c464c534831e2eb430b42cdec2a246f	raw/opencitations/W0A07/forward_snapshot_attempt_03/oci_axis/forward_partitions/depth_00/digits_01_suffix_7.json	1342
0	W0A07	PAML	forward	3	9	0	1	suffix	8	^[0-9]*8-[0-9]+$	fd20a0aebacfa84a1dcf86307b509898fc2f63627ac6f56706dca5e9b89add9b	raw/opencitations/W0A07/forward_snapshot_attempt_03/oci_axis/forward_partitions/depth_00/digits_01_suffix_8.json	1249
0	W0A07	PAML	forward	3	10	0	1	suffix	9	^[0-9]*9-[0-9]+$	aaf5ec135236282ee60e81cba31aff84c18b2cc99e851903fc9f12747b53f493	raw/opencitations/W0A07/forward_snapshot_attempt_03/oci_axis/forward_partitions/depth_00/digits_01_suffix_9.json	1298
0	W0A08	PastML	backward	1	1	0	1	suffix	0	^[0-9]+-[0-9]*0$	764166b0cacd9b7bd40f94c715f9062c6b4a1b2859788dda9e7e9eabd9e8038b	raw/opencitations/W0A08/backward_snapshot_attempt_01/oci_axis/backward_partitions/depth_00/digits_01_suffix_0.json	6
0	W0A08	PastML	backward	1	2	0	1	suffix	1	^[0-9]+-[0-9]*1$	8e16f7c8354a072b9598281e56e62dc9282a64eb4c4e5a0e9ac39ff3aa471410	raw/opencitations/W0A08/backward_snapshot_attempt_01/oci_axis/backward_partitions/depth_00/digits_01_suffix_1.json	8
0	W0A08	PastML	backward	1	3	0	1	suffix	2	^[0-9]+-[0-9]*2$	ad8b31a51edf1ef42a7891706585ca54da597dad8939a045134e87258edbe8d8	raw/opencitations/W0A08/backward_snapshot_attempt_01/oci_axis/backward_partitions/depth_00/digits_01_suffix_2.json	9
0	W0A08	PastML	backward	1	4	0	1	suffix	3	^[0-9]+-[0-9]*3$	dadae0e9d7825edfa4a1cfa09d29ff400a56785d4bba5d0e088fc7919c20f0bc	raw/opencitations/W0A08/backward_snapshot_attempt_01/oci_axis/backward_partitions/depth_00/digits_01_suffix_3.json	10
0	W0A08	PastML	backward	1	5	0	1	suffix	4	^[0-9]+-[0-9]*4$	8dc3da73f8438d498caaaa11f87b8763833fdf745bd3d38c56c5e3043c5ddf7f	raw/opencitations/W0A08/backward_snapshot_attempt_01/oci_axis/backward_partitions/depth_00/digits_01_suffix_4.json	8
0	W0A08	PastML	backward	1	6	0	1	suffix	5	^[0-9]+-[0-9]*5$	97126bd2bd61f45096fd8ba99d914d7dd17bfaa528f4f3cc8740d7158a018be0	raw/opencitations/W0A08/backward_snapshot_attempt_01/oci_axis/backward_partitions/depth_00/digits_01_suffix_5.json	10
0	W0A08	PastML	backward	1	7	0	1	suffix	6	^[0-9]+-[0-9]*6$	d602aeafc2bfd777be6c71213406a93dd0c91575e5a024b3480d0028b246516d	raw/opencitations/W0A08/backward_snapshot_attempt_01/oci_axis/backward_partitions/depth_00/digits_01_suffix_6.json	10
0	W0A08	PastML	backward	1	8	0	1	suffix	7	^[0-9]+-[0-9]*7$	2248ca344ac4cecbad89ee1f0d3fb4af88ab315641781b82d125cae26bcde14b	raw/opencitations/W0A08/backward_snapshot_attempt_01/oci_axis/backward_partitions/depth_00/digits_01_suffix_7.json	5
0	W0A08	PastML	backward	1	9	0	1	suffix	8	^[0-9]+-[0-9]*8$	d4d921cbeb230b077ff185995c6b32cf17edf8f65e965e5fab0449ed3a73a440	raw/opencitations/W0A08/backward_snapshot_attempt_01/oci_axis/backward_partitions/depth_00/digits_01_suffix_8.json	5
0	W0A08	PastML	backward	1	10	0	1	suffix	9	^[0-9]+-[0-9]*9$	d292d0fb7ca0c4de902889ec6285c37eb0289cef15a7cbb6b47d83356a00cd5c	raw/opencitations/W0A08/backward_snapshot_attempt_01/oci_axis/backward_partitions/depth_00/digits_01_suffix_9.json	11
0	W0A08	PastML	forward	1	1	0	1	suffix	0	^[0-9]*0-[0-9]+$	a4c86a7774975df406bb1016f87d4c57b69080dba6891f9cc133b7cee088c9c4	raw/opencitations/W0A08/forward_snapshot_attempt_01/oci_axis/forward_partitions/depth_00/digits_01_suffix_0.json	26
0	W0A08	PastML	forward	1	2	0	1	suffix	1	^[0-9]*1-[0-9]+$	4b6ee3a14484dba8f98186e40f01923817796cb43c3fe2c159e6a95ea29ad8f5	raw/opencitations/W0A08/forward_snapshot_attempt_01/oci_axis/forward_partitions/depth_00/digits_01_suffix_1.json	30
0	W0A08	PastML	forward	1	3	0	1	suffix	2	^[0-9]*2-[0-9]+$	bcf914d1b33b33fc73ec032bc61065e37409b35821b1ee812f530d298fe61b96	raw/opencitations/W0A08/forward_snapshot_attempt_01/oci_axis/forward_partitions/depth_00/digits_01_suffix_2.json	36
0	W0A08	PastML	forward	1	4	0	1	suffix	3	^[0-9]*3-[0-9]+$	35c59dc30e9b1d910fb8b457c6fc3a5ad62c8ee2070d9d6e02f376c02ec39378	raw/opencitations/W0A08/forward_snapshot_attempt_01/oci_axis/forward_partitions/depth_00/digits_01_suffix_3.json	23
0	W0A08	PastML	forward	1	5	0	1	suffix	4	^[0-9]*4-[0-9]+$	ee4e97de393d8b81fa56544d3944428de45760064d959182708cf69dab5314eb	raw/opencitations/W0A08/forward_snapshot_attempt_01/oci_axis/forward_partitions/depth_00/digits_01_suffix_4.json	20
0	W0A08	PastML	forward	1	6	0	1	suffix	5	^[0-9]*5-[0-9]+$	eee0a1de08b6d9d8a3b249fc2c05af6adbfc12ef601e7c7a9e33aee3d2f9b461	raw/opencitations/W0A08/forward_snapshot_attempt_01/oci_axis/forward_partitions/depth_00/digits_01_suffix_5.json	24
0	W0A08	PastML	forward	1	7	0	1	suffix	6	^[0-9]*6-[0-9]+$	8d814d771aba5c9f3a296e2090b23f222166264085e9c076284ad3e7cf165da9	raw/opencitations/W0A08/forward_snapshot_attempt_01/oci_axis/forward_partitions/depth_00/digits_01_suffix_6.json	23
0	W0A08	PastML	forward	1	8	0	1	suffix	7	^[0-9]*7-[0-9]+$	96307b14f8f9408653f77f0134c92d0205998ed6f99e65b5c6793c748dc4723c	raw/opencitations/W0A08/forward_snapshot_attempt_01/oci_axis/forward_partitions/depth_00/digits_01_suffix_7.json	21
0	W0A08	PastML	forward	1	9	0	1	suffix	8	^[0-9]*8-[0-9]+$	f515ba32d3611c45703e6288f4c0a62676f3a434a348d4c8c9d50bd21e814217	raw/opencitations/W0A08/forward_snapshot_attempt_01/oci_axis/forward_partitions/depth_00/digits_01_suffix_8.json	17
0	W0A08	PastML	forward	1	10	0	1	suffix	9	^[0-9]*9-[0-9]+$	9ab641b91e441479881e8732cdebead275bebad55aa6df2018f5798232cd800f	raw/opencitations/W0A08/forward_snapshot_attempt_01/oci_axis/forward_partitions/depth_00/digits_01_suffix_9.json	31
