wave_id	request_sequence	retrieval_record_index	screening_entity_id	provider	frozen_route	transport_route	identifier_namespace	identifier	request_identity_sha256
TRIAGE_TEXT_LIVE_WAVE_B	1	76	publication_component:citation:publication:doi:10.1002/bies.201000139	openalex	exact_work_id	work_by_openalex_id	openalex	W1542829242	e09cd8b087a9c462fa2a582a90462b4568f00cbf122d59f15e039f506289fd7c
TRIAGE_TEXT_LIVE_WAVE_B	2	241	publication_component:citation:publication:doi:10.1002/jia2.26009	openalex	exact_work_id	work_by_openalex_id	openalex	W4307035406	a1f7238541d96aadbbdd5bab19a0cabdcae4ef041c520ef694dcacf02d333250
TRIAGE_TEXT_LIVE_WAVE_B	3	918	publication_component:citation:publication:doi:10.1007/s12041-014-0410-z	openalex	exact_work_id	work_by_openalex_id	openalex	W2136307609	72531e139dad0564f27da9b4ba169bda340fcdda8c1a6bf41c4b2f7e7a78c65b
TRIAGE_TEXT_LIVE_WAVE_B	4	919	publication_component:citation:publication:doi:10.1007/s12041-016-0634-1	openalex	exact_work_id	work_by_openalex_id	openalex	W2419232379	855a540f1c84989060c1167d2ddcb787ceadac883b5f9441a29a3e26ec071152
TRIAGE_TEXT_LIVE_WAVE_B	5	920	publication_component:citation:publication:doi:10.1007/s12041-016-0700-8	openalex	exact_work_id	work_by_openalex_id	openalex	W2557387967	3a2051737ece9474ec937d73dc1fef1ce4e382b63ab5448c46208d751de6e435
TRIAGE_TEXT_LIVE_WAVE_B	6	1281	publication_component:citation:publication:doi:10.1016/j.cmi.2025.10.002	openalex	exact_work_id	work_by_openalex_id	openalex	W4415069833	c92b592ce8fd304e1378b60a55ca9091775d6a0df8f2f3b970d71ac07a4d545c
TRIAGE_TEXT_LIVE_WAVE_B	7	1396	publication_component:citation:publication:doi:10.1016/j.cub.2026.07.054	openalex	exact_work_id	work_by_openalex_id	openalex	W3100865770	24bc351d5b27855593483fc10bfe188fff32b586788bfc6159329522ee95c086
TRIAGE_TEXT_LIVE_WAVE_B	8	1483	publication_component:citation:publication:doi:10.1016/j.fsi.2011.11.033	openalex	exact_work_id	work_by_openalex_id	openalex	W2057864823	75730280ef484b4c5ea7ada3411ab99ce635e28eab06b8c13f2db27c696ff1c2
TRIAGE_TEXT_LIVE_WAVE_B	9	1873	publication_component:citation:publication:doi:10.1016/j.jgg.2014.11.004	openalex	exact_work_id	work_by_openalex_id	openalex	W2076597060	f5683097bd656b553996bf3bac42cfe52c172e2c5f03fb7f55b3fa90c4dd087e
TRIAGE_TEXT_LIVE_WAVE_B	10	1875	publication_component:citation:publication:doi:10.1016/j.jgg.2019.10.001	openalex	exact_work_id	work_by_openalex_id	openalex	W2986827286	bc589835f14dac6685f4423572e79eecbf0dd3f9bbbc455dcf2441de90fa2b6e
TRIAGE_TEXT_LIVE_WAVE_B	11	1879	publication_component:citation:publication:doi:10.1016/j.jgg.2021.05.010	openalex	exact_work_id	work_by_openalex_id	openalex	W3178763357	2d7c7d5377ee4bf6d958a416ae94d1dd06f531f807c44416a4be186447e4f2bd
TRIAGE_TEXT_LIVE_WAVE_B	12	1901	publication_component:citation:publication:doi:10.1016/j.jinf.2020.03.031	openalex	exact_work_id	work_by_openalex_id	openalex	W3016219791	2a50b8cbad61a8553b41cfc774ca0f4b213100aa24cf910192c636da75a8c96b
TRIAGE_TEXT_LIVE_WAVE_B	13	2013	publication_component:citation:publication:doi:10.1016/j.meegid.2021.104864	openalex	exact_work_id	work_by_openalex_id	openalex	W3152560987	a281dae7ac133380fe72838f8161636beccfe2326c35400d3338108b803fb2c7
TRIAGE_TEXT_LIVE_WAVE_B	14	2402	publication_component:citation:publication:doi:10.1016/j.ympev.2009.01.011	openalex	exact_work_id	work_by_openalex_id	openalex	W2111405777	e9b220d707bf99f7e86db324d09c1b82315192f29cfd6b1c2879ab854bad9700
TRIAGE_TEXT_LIVE_WAVE_B	15	2476	publication_component:citation:publication:doi:10.1016/j.ympev.2017.11.018	openalex	exact_work_id	work_by_openalex_id	openalex	W2770880271	d46576f5783cef544b3512633cf36bace6b5c5fc0bc07402378edd23740cf5a9
TRIAGE_TEXT_LIVE_WAVE_B	16	2532	publication_component:citation:publication:doi:10.1016/j.ympev.2023.107812	openalex	exact_work_id	work_by_openalex_id	openalex	W4376868804	538fcb87be5ae79ae3cd9064cc85c12b69a0d25ce1f7441d7111711c5ff836df
TRIAGE_TEXT_LIVE_WAVE_B	17	2583	publication_component:citation:publication:doi:10.1016/s0076-6879(02)43142-4	openalex	exact_doi	work_by_doi	doi	10.1016/s0076-6879(02)43142-4	48b557d88ab28c19e914d540772ec10e94c90766f728ac7ec59dce03ba7b1103
TRIAGE_TEXT_LIVE_WAVE_B	18	2657	publication_component:citation:publication:doi:10.1038/267275a0	openalex	exact_doi	work_by_doi	doi	10.1038/267275a0	d4c2bfdf756e5bae2831a30b711c1e117420361aabb76588114ab508f2e96c31
TRIAGE_TEXT_LIVE_WAVE_B	19	2709	publication_component:citation:publication:doi:10.1038/nature12219	openalex	exact_work_id	work_by_openalex_id	openalex	W2081964923	722904bd7713ec0e72c220120abf91f9658e59a12c24fe8cefd761b1405a1eef
TRIAGE_TEXT_LIVE_WAVE_B	20	2793	publication_component:citation:publication:doi:10.1038/ng.3197	openalex	exact_work_id	work_by_openalex_id	openalex	W2056746720	0f0822b3883c5c3a8a80684e751cfd5cfa3528038deb803a6da2c5a6732de13c
TRIAGE_TEXT_LIVE_WAVE_B	21	3197	publication_component:citation:publication:doi:10.1038/s41559-018-0493-7	openalex	exact_doi	work_by_doi	doi	10.1038/s41559-018-0493-7	03e17aa65ad5d9361257e4b47405422d768a14c0b020c011750a5a315fa0f2dc
TRIAGE_TEXT_LIVE_WAVE_B	22	3322	publication_component:citation:publication:doi:10.1038/s41588-020-0627-0	openalex	exact_work_id	work_by_openalex_id	openalex	W3023668125	c2f9ed78512ac68a6c80b2afc715a193307890dfcb52bf22f5dcbd1bae33fc35
TRIAGE_TEXT_LIVE_WAVE_B	23	3891	publication_component:citation:publication:doi:10.1073/pnas.0500371102	openalex	exact_doi	work_by_doi	doi	10.1073/pnas.0500371102	236e6da075764c7de14a0addf08914251a475d2856ca5958a5f207a68f981a90
TRIAGE_TEXT_LIVE_WAVE_B	24	3905	publication_component:citation:publication:doi:10.1073/pnas.0904550106	openalex	exact_work_id	work_by_openalex_id	openalex	W2035609587	dd18c2ec91412b48eb3e2e376df6999f22cfb227cbca1933f99d40653d031efc
TRIAGE_TEXT_LIVE_WAVE_B	25	4247	publication_component:citation:publication:doi:10.1093/abbs/gmaa153	openalex	exact_work_id	work_by_openalex_id	openalex	W3115593074	9779f46d447cbe8de18947fbda18e8db29706f171eebdfd400d6a025dd3cd2db
