wave_b_request_sequence	wave_a_request_sequence	retrieval_record_index	screening_entity_id	pmid	fallback_reason	wave_a_request_identity_sha256	wave_a_adapter_evidence_sha256	wave_a_terminal_body_sha256	openalex_route	openalex_lookup_value
1	475	475	publication_component:citation:publication:doi:10.1093/genetics/49.4.725	14156929	abstract_absent	bcf1211c3a85236bb1eee189ff11b01e554bb71c52227f53395ecb60e6a3fb5f	1af2aa91bdbd1e395b3e4fd4b3eb862e117bf4004f508b53bc747836ffb88aad	c0f0c5499781eb3805afc082c53a0ff564614b8fbce3bcd07c4372bb4a88eeb8	exact_doi	10.1093/genetics/49.4.725
2	1475	1475	publication_component:citation:publication:doi:10.1093/oxfordjournals.molbev.a025743	9402743	abstract_absent	296f3bfb3bc38015cb5c854ed354ab4119f1f5a4c5ccb8e8d379c4f59fcb53b5	835df4380c154577305b8a1459ebbc37634bda51c308c4f2cf745de58135e8ee	f9c5292a6e701cd290b1c76a3b1c1cd271bda91ff1f75ec9753a11f0814229b3	exact_doi	10.1093/oxfordjournals.molbev.a025743
3	1583	1584	publication_component:citation:publication:doi:10.1093/sysbio/sys075	22949482	abstract_absent	d0a5784d0d8e6856bb402e0ebf077502119f9888139a0c2d85b0eaba45926cd2	dbb982da1431c58bb68544b9387a677a4d4fdba43674d94328fc7995780c3667	f1ae91e4f2ee139c1cd663fc64b23545484749666c5327bd5b893412dcba95c8	exact_work_id	W2154852827
4	1691	1692	publication_component:citation:publication:doi:10.1094/mpmi-34-4	33851859	verified_not_found	17f37b4317255563394f7b276f081013fa679c69ce89534d0c3597a2b7c89dc6	410c86afe272dc35968f3743223cb8038824cfe26d18727b9fccefef7d4a5601		exact_work_id	W4214542755
5	1693	1694	publication_component:citation:publication:doi:10.1094/mpmi-35-6	35594175	verified_not_found	a46f1802ca4edd3f626fd4c50e925042e2c5df8c6f991bef34bce8491b8d3e15	4ab8a3e0ccd8a2bbfa9719fbad9f7cdabcba1f3099319fe971ec811d0412720d		exact_work_id	W4280569321
6	1770	1771	publication_component:citation:publication:doi:10.1098/rspb.2013.1743	24452019	abstract_absent	d076ff023a8dafef2d4256861b2b84db8177b8cfa9c4e703505c79a4497ef65e	ea12a51005ba1b01c31eff6b9886c119ee615a53e88b56bfeea39f683f11685d	1a54ec0ef51216dc2d1c6a35f836f9f9e45ff46f7489a66208ae2a693cf9a2a6	exact_work_id	W2095957893
7	3641	3643	publication_component:citation:publication:doi:10.1101/gr.262188.120	32213571	abstract_absent	c213a35f89dd12c3fdfac56181cf467a54a5852f690bc8650003454bec97b0ce	220f741f23cc68e06a12f93415d7b6b5a21d772a053360c8d2b687509107984f	7326527f90f9d5c0691741612d6ba6d361dd3175e2c29b5877853f8028fb20d8	exact_work_id	W3013258344
8	4130	4135	publication_component:citation:publication:doi:10.1111/j.1748-5827.2009.00861.x	19891723	abstract_absent	5385ea0d7eccf8b3098a4dba8a6dcebe9e80652ace8cdf05e2c1b3bc2e77db57	928ae5a79d291b5aa9938c11b75d97a963bdb642ea8d150729e26f19ce66d656	c3a6db78127ab19515c8d21ceae434427518880db6767b81bff4114077b625a8	exact_doi	10.1111/j.1748-5827.2009.00861.x
9	4407	4412	publication_component:citation:publication:doi:10.1111/mec.70161	41132123	abstract_absent	d2829bbf65866a8ea3523caa4ec2764a5f632566224bebcb5604101482335a97	c80d789cf5f688e35816db65b151c2b25a2cf76e315c5fe061f0986219b2f075	96f2fac0ad435d32b94f9859f2bfb1e745af62f228840c81721264ea10f82242	exact_work_id	W4415501912
10	4418	4423	publication_component:citation:publication:doi:10.1111/mpp.12380	26840926	abstract_absent	cf2e2560db72e35b3d3d0c4ceae1fcdf8ae07835033966041c19c89273907c82	5c63fcc86c4dad972511a8566c856f880ed99539888769ea71f09a2025d1659f	98a035bb2d645a102cf5f93948307aa9c6e77fb97c63395689654aebcb32d028	exact_work_id	W2419833196
11	4545	4550	publication_component:citation:publication:doi:10.1111/pbi.14376	38824457	abstract_absent	fb0017590d261778c85553751706b9afbee8b49919aad678030baf40945ecc64	19cb02d4cccaf8fef1485ddcd42da76c1157639d99e69e8f08137d10b0a3ad80	b38fa75d88609a241d1acc90c6b9afa9ca3a3fbb8e6437bacf22cc0b7ca343c6	exact_work_id	W4399274851
12	4567	4572	publication_component:citation:publication:doi:10.1111/pcmr.12337	25469862	abstract_absent	c1a4a6115e4d1b8acc7ffd54bb69fbe7eb43e70b855c7b96c4856f966e3b439d	54c74cccea688525a85db4922f1479140ba432f08b332f72316dbd8cad0c38f9	6010d004765c45366a0da624f5fb9cd2c9ee35451a064207c1a29f79532a036e	exact_work_id	W1995973675
13	5161	5166	publication_component:citation:publication:doi:10.1134/s1607672909020094	19496330	abstract_absent	6880cf3273afdca7ff89ea14f7628e7e9872b84bfe89c1efc254e69d60f5f5cb	58f85fee663fe093ba8c55a31c34ae1d2f0ff73850f5f459ce220f72c20ba977	4e861d35b9fc19a10419550ff5b1b044938e03e743f42b346ac6735a59c663a7	exact_work_id	W2016856116
14	5664	5673	publication_component:citation:publication:doi:10.1186/s12862-017-0875-5	28193159	abstract_absent	1c8b02bac5cb7f8c8541813641595c1ada788167b507a9829e5edcdbba709c6d	9b35751ed9e5d3486f5db602687c49b08fff70543d7335d8ad8846a13017ebae	d598c9ee72954cd09e439c52f62b45031a2bef03044e52a35c777fa77a0cb654	exact_doi	10.1186/s12862-017-0875-5
15	6507	6517	publication_component:citation:publication:doi:10.1371/journal.pcbi.1004763	27404731	abstract_absent	6509affb3a32d6b806d7f4edb6a6a0d86425ea2ccc0e57548b3683dcf4c58093	6951e7b080dbc6681c98c43ebfaedacf0eedcc9df0ad5d9dd7975b8fd09301c1	ab70948e53d91bb3e3d7dd73f0fe38f2ba34e2d4b183651419d65fd49fcf8a06	exact_work_id	W3189492453
16	6603	6613	publication_component:citation:publication:doi:10.1371/journal.pgen.1010415	36227810	abstract_absent	967f704fd66218e540c106431e95c9ae07cfa8ed2b04d0c6244f6832e15321ec	e17300565a71a2026dc545dbfcab984b30d9d0c582a946d375da912c72111e08	e7a9ec5515caf6c174da30fc23f45dabd719a2e021017a14950f260e603ae3fb	exact_work_id	W4305057911
17	7345	7355	publication_component:citation:publication:doi:10.21105/joss.01762	35978566	abstract_absent	93ed8bfb4b493e82944faa05f45ee515485ee09633f49548b0b39295874725ca	75e07d99d5723392009e0bc49acc877e04e5dea38c1645f23cb097a011d250a4	af59660fcf87932ac8f58ef263c6548692f69380f89eb0dc68f831aef2b027fa	exact_work_id	W2994645871
18	7722	7733	publication_component:citation:publication:doi:10.24272/j.issn.2095-8137.2021.399	35355457	abstract_absent	1eddbff6ca3276b5b1fa91d4a272a56901561f33501f1e81a95099167149a07b	a6aa3ae51adde3bf1c179b02587060b3e53d1596e9c2e07f28267339bc7c99ee	2e7cce179fee6b26083a5ee2dd0e683510f60e632526d3a1862de4113ec843e7	exact_work_id	W4221006383
19	7901	7912	publication_component:citation:publication:doi:10.3389/fgene.2020.00231	32300354	abstract_absent	a5bf60ae2c38dfff2868a3ddfe4bdcf2f94cb33a3804990d5968d9e4d963e5c4	8c5737dab42f817bc258c93d4b18fc159c09c10e80c6638948ec3b3d64dfb65a	7fef9ff84b3c54a4a59ec27ea731679096c875d1769d69986ba130d0b6d0aa0e	exact_work_id	W3014173239
20	7916	7927	publication_component:citation:publication:doi:10.3389/fgene.2020.582638	33250921	abstract_absent	dcd5c145c69068e7acb76ff560bfa6798f57620767014ade3aa966688ff1e8bd	8dbebcf5dc1796641d2e9c889aa23596570660edeb4bbb8b4c9dc048fdc60585	83d1bac2bafa3351a0d03a9c5637c8a24b13dd21ee9652191ff66c78943b99d4	exact_work_id	W3095061250
21	7921	7932	publication_component:citation:publication:doi:10.3389/fgene.2021.695700	34306036	abstract_absent	56837729c0995e1fca83c087baca6297d9ef296f093be2d76e53ff9347d1609c	cb6aa220f278f0b31bc104462e0f989bcecd62cda81606d235716b8400e9465f	7f10c53c7a64aa65049b2d68822c236690b260dda6b69e1d342af835b54205e0	exact_work_id	W3179881345
22	7925	7936	publication_component:citation:publication:doi:10.3389/fgene.2021.747552	34887901	abstract_absent	8f3ea2bc840425080a345d8649ee01e226b4c6b1cea6c0a2468d074e1f8129dd	bf0645b1163e547f224e6bcadcf969b89925596ce39ee781ecf1f633f6ae56b6	ee3bcb744435dc372529c7c2d13f9dd15583be7ae464c668b64d9a35609dd65a	exact_work_id	W3216257638
23	7927	7938	publication_component:citation:publication:doi:10.3389/fgene.2021.755564	35140736	abstract_absent	c6edd6baa4bc2c71fd35413874b31caa63482d0c7ad25885b814807cd4e1daaf	d71121dc0b997f3be4b0fbae89061ec6008386839b5926ff927109f298af006e	6038ed7911192f86c0fef966134931eff200bc38ed7f3806e94259c1cb454c5a	exact_work_id	W4207058346
24	7930	7941	publication_component:citation:publication:doi:10.3389/fgene.2021.788547	35126459	abstract_absent	b6b8c96c3eba476419621e9c653d54e7ac2da683f2bfa96e3b01c10752b9396a	6adff35c5735c2ab2a5ae1307f3b85f61c1d658ac52f911143ec51275a3e158d	25e1f2079a5860b96d70b29abb48d41b857da344e4e66ec92d5e55cf7e637ee9	exact_work_id	W4206635806
25	7948	7959	publication_component:citation:publication:doi:10.3389/fgene.2022.962406	36035162	abstract_absent	e95b874f80336b957bcddc74b4df9afe7aeb41fa0f1b60ca80bdb815fba0cfa5	f26fc5b88c7578be9518fea7515ea080804543000d7f1b35b4e28ac5ce27063d	7c03f3a15cec67fd91ef468f8b6cb9fa84ff8fda19b7b1c312630a8dd48bff5c	exact_work_id	W4293779779
26	7951	7962	publication_component:citation:publication:doi:10.3389/fgene.2023.1091544	36891152	abstract_absent	0a67c64cc637ea00293678a24df7a3776c669eb5dd63148968e9bb7094d674b9	1c4b378193ac1d0cc7ed7828bb24510e3793bf17deb717ac2f269fd99a6b8e0a	5b1a346f2413804bfb371d34a1e9153ce3fe8a3dccfb30eb2fef564283504140	exact_work_id	W4321375842
27	8078	8089	publication_component:citation:publication:doi:10.3389/fmicb.2022.1039188	36406429	abstract_absent	d55d8c9c3984768b30a735bb6acd97e16487e6fbfffad4d5b9429c1f1361ab55	955ead4dfb3445cc6df7c0a868e8cc800e3ede34f05d67bfeac07df46fa0da57	cbd3d85c8fab4b0197885376393f61eea361a162e402ce332ffc825d5b418b2a	exact_work_id	W4308201718
28	8136	8147	publication_component:citation:publication:doi:10.3389/fpls.2016.00732	27303425	abstract_absent	cc1dad340099feaf9496e0fa22ca28545eada4433a67a1f334aab4b7d045cd7e	ce9dd1276f5ae2958a93188ee2f051993b220d9b94e41b6c754639c165c2eb83	2e1e287a368579cb086daf947cbdacd314330f588b4236125b947c8b978047b8	exact_work_id	W2464206112
29	9078	9089	publication_component:citation:publication:doi:10.4149/av_2012_03_257	23043607	abstract_absent	1988cb99ccb288c6149afe175e39341a78511d40b735367dc14f6654d180469d	0fee951869072f83030298c043e346aac9679af07028b4fd167a11d65d559a83	6ef6893b6f26bc3d7a40ed43f1eadeebd791a4aacd17652680c6c7346d22f8cc	exact_doi	10.4149/av_2012_03_257
30	9957	9968	publication_component:citation:publication:pmid:13159408	13159408	abstract_absent	f9dfa4812f27c299de7df76887be4366469f1986d34a4234532599e7adec8092	390df8cb48f0c71376a565749f06a23f00d08935f488fc79c44c91680135c071	d5fb2f721fcf7f9105c83edd35509c9a14dea7cc5148cf60c1a881819a450611	exact_work_id	W28957507
31	9958	9969	publication_component:citation:publication:pmid:14187729	14187729	abstract_absent	f37b09bc0608e88aceeb1e86611d64286b23ef122aca4ee1eb8749ddc18f8afb	4829d92a7f8e69fa23f94218b1868192d67ea14dd841da455edebead0c0c8f5c	ad33cd9cef67c788ac07e5b9d6de840e720b7320f50639cfc12d0bbb7abf5041	exact_work_id	W24273325
32	9963	9974	publication_component:citation:publication:pmid:40390269	40390269	abstract_absent	44f45d9920de9b116aa5c1d47b144bc949be48af523ca7257f4a1a7aa9814783	10ccb6049ec9331f76d07b54e97639f7bb08248129a0c44dadac348eaf63d6ec	6d162596860661508e7df2bfec9ca702b768993c3988bc25b9548eca3d71a27d	exact_pmid	40390269
33	9966	9977	publication_component:citation:publication:pmid:7591622	7591622	abstract_absent	5a30c0f51e53f14d0c9487859b584f426b58311e29b11d8caac297595170e215	c5ebbfce9aca8a40e51a20ae642c008fa882c6d5393b24694badd939c2aac14a	4b57fa4d469477dbaee93c705f39d7175ca4a434ea4ba971d4d4437cca1ff007	exact_work_id	W30076392
34	10047	10058	publication_component:database:publication:doi:10.1007/bf01797451	4368400	abstract_absent	9123dd7399618740001225d3f4a45934ac68aec290d08d96e57028deaa49c172	d4c49b801c7b1d65c3a5edc835024e2e08df45f6e5d50f4d1966fb005a990806	2f726bf72133e97a7fa08c08a6ec4656ef18f8f15a3e83f9be4871e195cae04b	exact_doi	10.1007/bf01797451
35	10310	10321	publication_component:database:publication:doi:10.1016/j.ympev.2009.03.008	19303453	abstract_absent	a3a8d6791e47f51660a051c1d34e745dcbe2f99c1a8c7bdcf1a91f3f9a015fc0	8069ac4704519baae8f753c524869a00522e1a83c6bb4d4c0281804b51cb567c	02ae84480ceaff413bf16fc5d616c89bc73caa0fc51f43d431563373c6b0829c	exact_work_id	W2024711000
36	10441	10452	publication_component:database:publication:doi:10.1038/nrg1324	15143319	abstract_absent	a1e5917fbae8c4d668eadefb8b9333a0f3c2009f2e05f19d7266fd720e98faa7	607bd666efb347328be7164bc9e5a7d63d9d41c763037d9e2c9f6fb9da7807e3	89cfabfcfcda9fa37292b19f95017dac44968138f54b4266278f3779d663c1b5	exact_doi	10.1038/nrg1324
37	10856	10869	publication_component:database:publication:doi:10.1093/molbev/msy218	30668791	abstract_absent	d87d204feaa1ac021edac65fd1df1f19428e42c3fc9571af7c982620bb90ec34	7c03a960f016300ddc3822750d8cccbd8513e629e7bf7706d07e4fa3f47a541b	fc936659296af2f6a86d17867c435ae0949c60166dc54d5780f308268fd8b4a1	exact_doi	10.1093/molbev/msy218
38	10875	10888	publication_component:database:publication:doi:10.1093/nsr/nwaa076	34692116	abstract_absent	1e19dffbb12e366b1783f7c0041e72c2a5c38936710710904582da93037e30a4	4321fd7655a1d55d5cd48c1a90ef6cbbb762da3741ee34f67ad2d6ceef31358b	a5784e6e6b5602903f92a46d0a7b4f85eacf08bb1d01497d794b2ad273e6821d	exact_work_id	W3019421314
39	10953	10967	publication_component:database:publication:doi:10.1097/qad.0000000000000017	24963705	abstract_absent	0b00d5b6d03869871db83d81c2ac2df526cabf9a6f58dcb1b2f9f012dba3810d	67c093db034b96a675885deb61175cbe792cbbe83a070be0a870d3a9fee0b3cd	339a9713de5d0712f463bde4aa353f7ae11439b14e10b0f9d84845e3894bb2d8	exact_work_id	W2332634077
40	11324	11339	publication_component:database:publication:doi:10.1111/nph.13676	26355284	abstract_absent	8b0460b73a63c043fc90b05cd4e2ebb1fe4d5710bfb70f85729f460045eff5ee	a9723c56c9bec52b26af52a6cda6060d7693e39447fbf01c78414c3fa75f8069	dc27a39425ccfc71ff8533bd6d50d270315e50a43d1bb1408101720506d40ba8	exact_work_id	W2130879144
