retrieval_record_index	screening_entity_id	provider_used	provider_lookup_type	provider_record_id	source_body_sha256	provider_identity_status	parser_status	abstract_status	title_text	abstract_text	abstract_section_metadata_json
1530	publication_component:citation:publication:doi:10.1093/sysbio/49.2.369	openalex	exact_doi	10.1093/sysbio/49.2.369	f522c2979a08ca89bff812e91b6ae8d700ccc0bc237c88d12b374f139b091876	matched_or_transport_validated	ok	usable_abstract_openalex	Gaps as Characters in Sequence-Based Phylogenetic Analyses	Mark P. Simmons, Helga Ochoterena; Gaps as Characters in Sequence-Based Phylogenetic Analyses, Systematic Biology, Volume 49, Issue 2, 1 June 2000, Pages 3	[]
1984	publication_component:citation:publication:doi:10.1101/092940	openalex	exact_work_id	W2570111040	24224285cb595b4744bd5359be8ce9f07094b7cce5dbaecaa20362fcb8c8481f	matched_or_transport_validated	ok	usable_abstract_openalex	SNVPhyl: A Single Nucleotide Variant Phylogenomics pipeline for microbial genomic epidemiology	Abstract Motivation The recent widespread application of whole-genome sequencing (WGS) for microbial disease investigations has spurred the development of new bioinformatics tools, including a notable proliferation of phylogenomics pipelines designed for infectious disease surveillance and outbreak investigation. Transitioning the use of WGS data out of the research lab and into the front lines of surveillance and outbreak response requires user-friendly, reproducible, and scalable pipelines that have been well validated. Results SNVPhyl (Single Nucleotide Variant Phylogenomics) is a bioinformatics pipeline for identifying high-quality SNVs and constructing a whole genome phylogeny from a collection of WGS reads and a reference genome. Individual pipeline components are integrated into the Galaxy bioinformatics framework, enabling data analysis in a user-friendly, reproducible, and scalable environment. We show that SNVPhyl can detect SNVs with high sensitivity and specificity and identify and remove regions of high SNV density (indicative of recombination). SNVPhyl is able to correctly distinguish outbreak from non-outbreak isolates across a range of variant-calling settings, sequencing-coverage thresholds, or in the presence of contamination. Availability SNVPhyl is available as a Galaxy workflow, Docker and virtual machine images, and a Unix-based command-line application. SNVPhyl is released under the Apache 2.0 license and available at http://snvphyl.readthedocs.io/ or at https://github.com/phac-nml/snvphyl-galaxy .	[]
3743	publication_component:citation:publication:doi:10.1109/mcse.2007.58	openalex	exact_doi	10.1109/mcse.2007.58	11861281950727cc12d90dd37d06989e6ca7d614de5d3e76788cd45b086d2112	matched_or_transport_validated	ok	usable_abstract_openalex	Python for Scientific Computing	"Python is an excellent ""steering"" language for scientific codes written in other languages. However, with additional basic tools, Python transforms into a high-level language suited for scientific and engineering code that's often fast enough to be immediately useful but also flexible enough to be sped up with additional extensions."	[]
3744	publication_component:citation:publication:doi:10.1109/mcse.2011.37	openalex	exact_doi	10.1109/mcse.2011.37	60422fdb8a468e2cee8ed796fe77ffd78a9442fa8f7cf26e48092b0ead6d0975	matched_or_transport_validated	ok	usable_abstract_openalex	The NumPy Array: A Structure for Efficient Numerical Computation	In the Python world, NumPy arrays are the standard representation for numerical data and enable efficient implementation of numerical computations in a high-level language. As this effort shows, NumPy performance can be improved through three techniques: vectorizing calculations, avoiding copying data in memory, and minimizing operation counts.	[]
3745	publication_component:citation:publication:doi:10.1109/mic.2010.145	openalex	exact_doi	10.1109/mic.2010.145	a31f391fb6839e88fbd98041151edd3d09856c9b984b21bf096e0405bf5b6d5a	matched_or_transport_validated	ok	usable_abstract_openalex	Node.js: Using JavaScript to Build High-Performance Network Programs	One of the more interesting developments recently gaining popularity in the server-side JavaScript space is Node.js. It's a framework for developing high-performance, concurrent programs that don't rely on the mainstream multithreading approach but use asynchronous I/O with an event-driven programming model.	[]
5169	publication_component:citation:publication:doi:10.1137/0128004	openalex	exact_doi	10.1137/0128004	ca5200663a2d347d0b745c3cd74147d521a89263372a792415d5b5050f6ea6f8	matched_or_transport_validated	ok	usable_abstract_openalex	Minimal Mutation Trees of Sequences	Given a finite tree, some of whose vertices are identified with given finite sequences, we show how to construct sequences for all the remaining vertices simultaneously, so as to minimize the total edge-length of the tree. Edge-length is calculated by a metric whose biological significance is the mutational distance between two sequences.	[]
5171	publication_component:citation:publication:doi:10.1137/0916069	openalex	exact_doi	10.1137/0916069	86db1af8c00fc2ad7978332d1b7f53082a9d3200b6dfca5992107330093a39fa	matched_or_transport_validated	ok	usable_abstract_openalex	A Limited Memory Algorithm for Bound Constrained Optimization	An algorithm for solving large nonlinear optimization problems with simple bounds is described. It is based on the gradient projection method and uses a limited memory BFGS matrix to approximate the Hessian of the objective function. It is shown how to take advantage of the form of the limited memory approximation to implement the algorithm efficiently. The results of numerical tests on a set of large problems are reported.	[]
5196	publication_component:citation:publication:doi:10.1145/279232.279236	openalex	exact_doi	10.1145/279232.279236	e57b753fec98598c86b3e3ada00b50ab31943f63df7def62e3125ff11a5524a0	matched_or_transport_validated	ok	usable_abstract_openalex	Algorithm 778: L-BFGS-B	L-BFGS-B is a limited-memory algorithm for solving large nonlinear optimization problems subject to simple bounds on the variables. It is intended for problems in which information on the Hessian matrix is difficult to obtain, or for large dense problems. L-BFGS-B can also be used for unconstrained problems and in this case performs similarly to its predessor, algorithm L-BFGS (Harwell routine VA15). The algorithm is implemented in Fortran 77.	[]
5203	publication_component:citation:publication:doi:10.1146/annurev-ecolsys-110512-135920	openalex	exact_doi	10.1146/annurev-ecolsys-110512-135920	944b4cc732c0125da6812a21154f81d0416b0a15f401f5698e37199f6af72936	matched_or_transport_validated	ok	usable_abstract_openalex	Genetic Draft, Selective Interference, and Population Genetics of Rapid Adaptation	To learn about the past from a sample of genomic sequences, one needs to understand how evolutionary processes shape genetic diversity. Most population genetics inferences are based on frameworks assuming that adaptive evolution is rare. But if positive selection operates on many loci simultaneously, as has recently been suggested for many species, including animals such as flies, then a different approach is necessary. In this review, I discuss recent progress in characterizing and understanding evolution in rapidly adapting populations, in which random associations of mutations with genetic backgrounds of different fitness, i.e., genetic draft, dominate over genetic drift. As a result, neutral genetic diversity depends weakly on population size but strongly on the rate of adaptation or more generally the variance in fitness. Coalescent processes with multiple mergers, rather than Kingman's coalescent, are appropriate genealogical models for rapidly adapting populations, with important implications for population genetics inference.	[]
6390	publication_component:citation:publication:doi:10.1198/016214506000001437	openalex	exact_doi	10.1198/016214506000001437	dec1fb289ceace7a2a25510233e28165745926448b9a0660bfbbfe8deab08db9	matched_or_transport_validated	ok	usable_abstract_openalex	Strictly Proper Scoring Rules, Prediction, and Estimation	Scoring rules assess the quality of probabilistic forecasts, by assigning a numerical score based on the predictive distribution and on the event or value that materializes. A scoring rule is proper if the forecaster maximizes the expected score for an observation drawn from the distributionF if he or she issues the probabilistic forecast F, rather than G ≠ F. It is strictly proper if the maximum is unique. In prediction problems, proper scoring rules encourage the forecaster to make careful assessments and to be honest. In estimation problems, strictly proper scoring rules provide attractive loss and utility functions that can be tailored to the problem at hand. This article reviews and develops the theory of proper scoring rules on general probability spaces, and proposes and discusses examples thereof. Proper scoring rules derive from convex functions and relate to information measures, entropy functions, and Bregman divergences. In the case of categorical variables, we prove a rigorous version of the Savage representation. Examples of scoring rules for probabilistic forecasts in the form of predictive densities include the logarithmic, spherical, pseudospherical, and quadratic scores. The continuous ranked probability score applies to probabilistic forecasts that take the form of predictive cumulative distribution functions. It generalizes the absolute error and forms a special case of a new and very general type of score, the energy score. Like many other scoring rules, the energy score admits a kernel representation in terms of negative definite functions, with links to inequalities of Hoeffding type, in both univariate and multivariate settings. Proper scoring rules for quantile and interval forecasts are also discussed. We relate proper scoring rules to Bayes factors and to cross-validation, and propose a novel form of cross-validation known as random-fold cross-validation. A case study on probabilistic weather forecasts in the North American Pacific Northwest illustrates the importance of propriety. We note optimum score approaches to point and quantile estimation, and propose the intuitively appealing interval score as a utility function in interval estimation that addresses width as well as coverage.	[]
10601	publication_component:database:publication:doi:10.1080/106351599260184	openalex	exact_doi	10.1080/106351599260184	0092b17abb9a47ca02b47a94c9dee13172c155d7f57b251d89f52aa8f8777aec	matched_or_transport_validated	ok	usable_abstract_openalex	The Maximum Likelihood Approach to Reconstructing Ancestral Character States of Discrete Characters on Phylogenies	Mark Pagel, C. Cunningham; The Maximum Likelihood Approach to Reconstructing Ancestral Character States of Discrete Characters on Phylogenies, Systematic B	[]
10732	publication_component:database:publication:doi:10.1093/icb/41.1.134	openalex	exact_doi	10.1093/icb/41.1.134	512f9445bb2edcc7d66b89ca501db209d39771ce45b6960bbf750fe3bba6c878	matched_or_transport_validated	ok	usable_abstract_openalex	Phylogeography: The History and Formation of Species	Phylogeography: The History and Formation of Species. John C. Avise. Harvard University Press, Cambridge, Massachusetts, 2000, viii + 447 pp., $49.95, (ISBN 0-674-66638-0). Breakthroughs in DNA sequencing technology in the 1980's revolutionized evolutionary biology, and out of this revolution emerged what has become a highly influential discipline known as phylogeography. Formally introduced a little more than a decade ago by John Avise and his colleagues (Avise et al., 1987), phylogeography is a highly integrative approach used to investigate the relationship between earth history, ecology, and biotic diversification. Phylogeography combines information from population genetics, phylogenetics, geoclimatic history, paleontology, population biology, molecular evolution, and historical biogeography in order to characterize the geographic distributions of genealogical lineages across the geographic landscape (referred to as phylogeographic patterns), and to infer the evolutionary, demographic and biogeographic processes that have shaped these patterns. In this book, Avise provides an overview of the historical development of phylogeography, from its early stages when animal mitochondrial DNA (mtDNA) was used (almost exclusively) to examine phylogeographic patterns within single species, to today, when an increasingly wider range of additional molecular markers are being used to compare phylogeographic patterns among co-distributed taxa (comparative phylogeography). As the principle founder of the field, no one is better qualified to write a book recounting the history of phylogeography, and Avise excels at providing examples and figures to illustrate the key concepts which lie at the heart of the discipline. In particular, many of the previously unpublished figures in the first half of the book are exceptionally well done and informative. The book is divided into 3 sections, each containing 2 chapters (plus a preface and works cited), and is filled with over 100 figures. The first section of the book concentrates on the history and conceptual background of phylogeography, and includes a chapter on coalescence and the connection between population phylogeny and demography. This is perhaps the strongest section of the book, and serves as a great primer for beginning graduate students and non-specialists. This section also provides a wealth of information and examples for those interested in teaching principles of phylogeography. The second section reviews empirical studies that have examined phylogeographic patterns at the intraspecific level, and is divided into one chapter on humans and one on non-human animals. As such, this section reviews much of the early empirical work in phylogeography. Relative to humans, non-human animals tend to have deeper (older) phylogeographic subdivisions, and it is here that Avise compares and contrasts the phylogeographic patterns that have been observed in a variety of organisms. These cross-taxon comparisons are facilitated by Avise's division of types of phylogeographic structure into 4 basic categories (of which more than one can occur within a given species' overall gene tree). Special attention is given to different expected and observed patterns of phylogeographic subdivision as they relate to life history traits, such as those associated with dispersal ability. The final section deals with comparative studies and the issue of genealogical concordance (when co-distributed taxa exhibit the same general phylogeographic pattern) and includes a final chapter on the speciation process and the extension of phylogeographic analyses to higher taxa. Some of the comparative phylogeographic studies reviewed include those on Australian rainforest vertebrates, Hawaiian birds and arthropods, North American birds, plants of the Pacific Northwest, and cold-water marine faunas of the Northern Hemisphere. The final chapter includes a review of species concepts, an overview of the durations of species through geological time, and applications of phylogeography beyond the species level. The book concludes with a brief synopsis and commentary on the future of phylogeography. In some ways this book can be viewed as an update and expansion of chapters 6 and 8 of Avise's previous book, Molecular Markers, Natural History, and Evolution (1994). However, there have been so many developments in phylogeography over the past five years or so, especially in coalescent theory and comparative phylogeography, that much of the information presented is new. Therefore, despite some overlap, Avise's two books are largely complementary. Throughout Phylogeography: The History and Formation of Species there is a bias towards multicellular animals, as Avise acknowledges in the preface (this reflects a bias in existing empirical phylogeographic studies, rather than that of the author). However, since many phylogeographic principles should apply equally well to any taxon, researchers interested in other types of organisms also should find the book useful. Many of the multicellular animal examples used are taken directly from previous studies by Avise and his colleagues (including approximately a third of the figures in the book), and quite a few also appeared in Avise's (1994) earlier book. Thus, for those researchers who have followed Avise's work closely over the last decade, these examples may be somewhat redundant. However, a wide range of studies by other authors are also included (i.e., reviews of many recent publications in comparative phylogeography), and only those researchers who are deeply involved in phylogeographic research are likely to be familiar with most of the examples presented in this book. Shortcomings of the book include a decidedly qualitative treatment of genealogical concordance, the failure to discuss among-lineage rate heterogeneity and ancestral polymorphism when interpreting variation in the depths of the gene trees of co-distributed taxa, and the inclusion of several examples wherein strong conclusions have been drawn from dates of speciation and biogeographic separation estimated from the use the “conventional” 2% per million year clock for mtDNA (there is a great deal of evidence for substantial rate heterogeneity across taxonomic groups and the concept of a generalized mtDNA clock is outdated). Statistical approaches for evaluating phylogeographic congruence across taxa (such as likelihood tests) and testing for contemporaneous diversification of lineages across a common phylogeographic discontinuity are not addressed. In addition, the issue of error associated with the use of molecular clocks (even if they are appropriately calibrated for a particular taxonomic group) is largely ignored. However, these issues are likely to be most important to practicing phylogeographers, and do not appreciably affect the quality of the book as an excellent introduction and overview of the field. Overall, this book is an impressive work, emblematic of Avise's ability to synthesize and clearly present the many diverse and complex issues that characterize modern phylogeography. As a primer for non-specialists this book is excellent, and it should find a broad audience among biologists interested in evolution, biogeography, and biodiversity. Although researchers deeply entrenched in phylogeography are unlikely to find a great deal of novel material, they too should find the book quite valuable as a general reference or as a text for a course or seminar in phylogeography.	[]
10899	publication_component:database:publication:doi:10.1093/sysbio/43.4.482	openalex	exact_doi	10.1093/sysbio/43.4.482	4e40317ac5f5a8ed8a98327c3172b6dcf7cbada82ea3e3214c939ded2a4d484f	matched_or_transport_validated	ok	usable_abstract_openalex	Compositional Bias, Character-State Bias, and Character-State Reconstruction Using Parsimony	Compositional bias, the occurrence of the four bases in unequal proportions, is a common feature of nucleotide sequences. We analyzed patterns of character-state reconstruction using maximum parsimony in two empirical data sets exhibiting compositional bias. For each case in which the inferred reciprocal numbers of changes for a pair of bases differed substantially, the two bases also differed markedly in relative abundance and the asymmetry of reconstructed transformations favored changes from the common state to the rare state. In addition, the compositional biases of the inferred ancestral sequences were more extreme than that seen in the terminal taxa, having an excess of common states relative to the terminals. Both of these features suggested that patterns of character-state reconstruction might be systematically dis? torted when compositional bias results in unequal representation of character states within a character, a condition we term character-state bias. Character-state bias is essentially composi? tional bias within a character. Simulation studies showed that highly asymmetric patterns of character-state reconstruction can be produced in the face of an underlying symmetry of char? acter-state transformations in the presence of compositional bias. Rates of change are also im? portant. The asymmetry of transformations produced in the simulations matched the pattern found in empirical data sets, with transformations from the common state to the rare state being more abundant. Rare states tend to be autapomorphic, typically requiring a change to the rare state on a tree. Conversely, changes from rare states to common states are systematically lost. These results are significant for methods that rely on character-state reconstruction using max? imum parsimony, for example, to develop weighting schemes for phylogenetic analysis or to study patterns of correlated character evolution. Techniques that rely on character-state recon? struction may often be compromised by the distorting influence of character-state bias. (Com? positional bias; character-state bias; character-state reconstruction; parsimony.)	[]
11211	publication_component:database:publication:doi:10.1101/506535	openalex	exact_work_id	W2905699459	4c96520cc02f2263d7524229d166c1c655544a453fbf82e64c0bf753c0e9fe42	matched_or_transport_validated	ok	usable_abstract_openalex	A Darwinian Uncertainty Principle	Abstract Reconstructing ancestral characters and traits along a phylogenetic tree is central to evolutionary biology. It is the key to understanding morphology changes among species, inferring ancestral biochemical properties of life, and recovering migration routes in phylogeography. The goal is twofold: to reconstruct the character state at the tree root (e.g. the region of origin of some species), and to understand the process of state changes along the tree (e.g. species flow between countries). Although each goal can be achieved with high accuracy individually, we use mathematics and simulations to demonstrate that it is generally impossible to accurately estimate both the root state and the rates of state changes along the tree branches from the observed data at the tips of the tree. This inherent ‘Darwinian uncertainty principle’ concerning the simultaneous estimation of ‘pattern’ and ‘process’ governs ancestral reconstructions in biology. Increasing the number of tips improves the joint estimation accuracy for certain tree shapes that arise in evolutionary models, however, for other trees shapes it does not.	[]
