retrieval_record_index	screening_entity_id	offline_resolution_status	provider	chosen_lookup_type	logical_lookup_id	source_body_sha256	matching_archive_count	selected_terminal_path	selected_terminal_sha256	selected_response_metadata_path	selected_response_metadata_sha256	selected_body_path	selected_body_sha256
1530	publication_component:citation:publication:doi:10.1093/sysbio/49.2.369	resolved_cached_openalex	openalex	exact_doi	lookup:2f5d5e34908e3367b4767242598fe7fb031c2274a8c05dfe7624fcf4a552d472	f522c2979a08ca89bff812e91b6ae8d700ccc0bc237c88d12b374f139b091876	1	results/07_comparative_landscape/metadata_resolution_retrieval/raw/lookup_2f5d5e34908e3367b4767242598fe7fb031c2274a8c05dfe7624fcf4a552d472/terminal.json	012e5ab551f223cf6639d4c076f40a21d992976ded71b55aa52436c33da17f39	results/07_comparative_landscape/metadata_resolution_retrieval/raw/lookup_2f5d5e34908e3367b4767242598fe7fb031c2274a8c05dfe7624fcf4a552d472/attempt_01/hop_00_response.json	6ba1fa0a44973580b152fe2df54fcf817a577bb39218cbbdc2fcf9773787f212	results/07_comparative_landscape/metadata_resolution_retrieval/raw/lookup_2f5d5e34908e3367b4767242598fe7fb031c2274a8c05dfe7624fcf4a552d472/attempt_01/hop_00_body.bin	f522c2979a08ca89bff812e91b6ae8d700ccc0bc237c88d12b374f139b091876
1984	publication_component:citation:publication:doi:10.1101/092940	resolved_cached_openalex	openalex	exact_work_id	lookup:b17e3719b34e3a5aa5108bb80f0e604b9950bb0e232058cae4b04ce2e8ff376d	24224285cb595b4744bd5359be8ce9f07094b7cce5dbaecaa20362fcb8c8481f	1	results/07_comparative_landscape/metadata_resolution_retrieval/raw/lookup_b17e3719b34e3a5aa5108bb80f0e604b9950bb0e232058cae4b04ce2e8ff376d/terminal.json	49cd89d56c6822dc87a812f01f52d9ed7f6292beed0d4b37b530b906dd02fc8f	results/07_comparative_landscape/metadata_resolution_retrieval/raw/lookup_b17e3719b34e3a5aa5108bb80f0e604b9950bb0e232058cae4b04ce2e8ff376d/attempt_01/hop_00_response.json	dd2293bb7d5d4361c36d09a7c1476b2a6cd2fdd3c4ce221bdb6ff7d982432ce5	results/07_comparative_landscape/metadata_resolution_retrieval/raw/lookup_b17e3719b34e3a5aa5108bb80f0e604b9950bb0e232058cae4b04ce2e8ff376d/attempt_01/hop_00_body.bin	24224285cb595b4744bd5359be8ce9f07094b7cce5dbaecaa20362fcb8c8481f
3743	publication_component:citation:publication:doi:10.1109/mcse.2007.58	resolved_cached_openalex	openalex	exact_doi	lookup:4d28fc80e5f150f803a40103aef92207941c7bdeb3c9e7f34b109c748d2b4632	11861281950727cc12d90dd37d06989e6ca7d614de5d3e76788cd45b086d2112	1	results/07_comparative_landscape/metadata_resolution_retrieval/raw/lookup_4d28fc80e5f150f803a40103aef92207941c7bdeb3c9e7f34b109c748d2b4632/terminal.json	18e90d5001d04e9e6ace654a1d049687ff18b8c6d8d74f6fb5d4fb77f7603dac	results/07_comparative_landscape/metadata_resolution_retrieval/raw/lookup_4d28fc80e5f150f803a40103aef92207941c7bdeb3c9e7f34b109c748d2b4632/attempt_01/hop_00_response.json	3f6f4cf3fec3bc29f62f6f9b76861016d2d43bd87f2784498188c0de5aa4023f	results/07_comparative_landscape/metadata_resolution_retrieval/raw/lookup_4d28fc80e5f150f803a40103aef92207941c7bdeb3c9e7f34b109c748d2b4632/attempt_01/hop_00_body.bin	11861281950727cc12d90dd37d06989e6ca7d614de5d3e76788cd45b086d2112
3744	publication_component:citation:publication:doi:10.1109/mcse.2011.37	resolved_cached_openalex	openalex	exact_doi	lookup:2d02b3d7353eac583cd0e2765a71332e857ef131fd0f7b1d81cd65c7cb2bbe11	60422fdb8a468e2cee8ed796fe77ffd78a9442fa8f7cf26e48092b0ead6d0975	1	results/07_comparative_landscape/metadata_resolution_retrieval/raw/lookup_2d02b3d7353eac583cd0e2765a71332e857ef131fd0f7b1d81cd65c7cb2bbe11/terminal.json	2f71f89f0b3d61c031f115f0b390bbc3825dd1f4b13cc0c40e80f80566a4b68a	results/07_comparative_landscape/metadata_resolution_retrieval/raw/lookup_2d02b3d7353eac583cd0e2765a71332e857ef131fd0f7b1d81cd65c7cb2bbe11/attempt_01/hop_00_response.json	5d546ecc889de3ee5b97bbc1e76496444a9bd869d5a53ad98bd2b8e3139e5f84	results/07_comparative_landscape/metadata_resolution_retrieval/raw/lookup_2d02b3d7353eac583cd0e2765a71332e857ef131fd0f7b1d81cd65c7cb2bbe11/attempt_01/hop_00_body.bin	60422fdb8a468e2cee8ed796fe77ffd78a9442fa8f7cf26e48092b0ead6d0975
3745	publication_component:citation:publication:doi:10.1109/mic.2010.145	resolved_cached_openalex	openalex	exact_doi	lookup:b584d4bd64794e6f5235c0dc7d7f0a2cb3c624e70ac1f7407859a0378f109e8c	a31f391fb6839e88fbd98041151edd3d09856c9b984b21bf096e0405bf5b6d5a	1	results/07_comparative_landscape/metadata_resolution_retrieval/raw/lookup_b584d4bd64794e6f5235c0dc7d7f0a2cb3c624e70ac1f7407859a0378f109e8c/terminal.json	b3605f1f9c5c41e81ce8e54aa8526550ba5d91029b2bad4917e0bacf3a25cb6d	results/07_comparative_landscape/metadata_resolution_retrieval/raw/lookup_b584d4bd64794e6f5235c0dc7d7f0a2cb3c624e70ac1f7407859a0378f109e8c/attempt_01/hop_00_response.json	953599468a7c84d69d9e5d98289bfe97041a77d1dc9183cdc636940eb557c52d	results/07_comparative_landscape/metadata_resolution_retrieval/raw/lookup_b584d4bd64794e6f5235c0dc7d7f0a2cb3c624e70ac1f7407859a0378f109e8c/attempt_01/hop_00_body.bin	a31f391fb6839e88fbd98041151edd3d09856c9b984b21bf096e0405bf5b6d5a
5169	publication_component:citation:publication:doi:10.1137/0128004	resolved_cached_openalex	openalex	exact_doi	lookup:9a1079c18386811186c1d5c1cee6415bdbfaaf69bd6092050976c5d6cac00071	ca5200663a2d347d0b745c3cd74147d521a89263372a792415d5b5050f6ea6f8	1	results/07_comparative_landscape/metadata_resolution_retrieval/raw/lookup_9a1079c18386811186c1d5c1cee6415bdbfaaf69bd6092050976c5d6cac00071/terminal.json	4ca61629615b1d8935dbe9a1832dea28fa0fa3614b743a2cf26d8c002c9f6734	results/07_comparative_landscape/metadata_resolution_retrieval/raw/lookup_9a1079c18386811186c1d5c1cee6415bdbfaaf69bd6092050976c5d6cac00071/attempt_01/hop_00_response.json	eafa2e98d10c6fe26e3ba5bbc81b76d7656ad7cfdac76f1a1c18df68510098ba	results/07_comparative_landscape/metadata_resolution_retrieval/raw/lookup_9a1079c18386811186c1d5c1cee6415bdbfaaf69bd6092050976c5d6cac00071/attempt_01/hop_00_body.bin	ca5200663a2d347d0b745c3cd74147d521a89263372a792415d5b5050f6ea6f8
5171	publication_component:citation:publication:doi:10.1137/0916069	resolved_cached_openalex	openalex	exact_doi	lookup:6a135ae46f96cf9370186129f1629f5d147e0e82a54edbf6442972786e611d28	86db1af8c00fc2ad7978332d1b7f53082a9d3200b6dfca5992107330093a39fa	1	results/07_comparative_landscape/metadata_resolution_retrieval/raw/lookup_6a135ae46f96cf9370186129f1629f5d147e0e82a54edbf6442972786e611d28/terminal.json	1edae8cf5f31172952ff83b8ba6137a419fa3fbf563fdd3cded8298daffd07fb	results/07_comparative_landscape/metadata_resolution_retrieval/raw/lookup_6a135ae46f96cf9370186129f1629f5d147e0e82a54edbf6442972786e611d28/attempt_01/hop_00_response.json	8933cd958e68751de4b2ce3bb0323be572e37fa087e4d200b22487d5c6f398f3	results/07_comparative_landscape/metadata_resolution_retrieval/raw/lookup_6a135ae46f96cf9370186129f1629f5d147e0e82a54edbf6442972786e611d28/attempt_01/hop_00_body.bin	86db1af8c00fc2ad7978332d1b7f53082a9d3200b6dfca5992107330093a39fa
5196	publication_component:citation:publication:doi:10.1145/279232.279236	resolved_cached_openalex	openalex	exact_doi	lookup:0aeca11a5a270154034adad388b4d64cc31d87f90259690fb9572ab8a39ad5b6	e57b753fec98598c86b3e3ada00b50ab31943f63df7def62e3125ff11a5524a0	1	results/07_comparative_landscape/metadata_resolution_retrieval/raw/lookup_0aeca11a5a270154034adad388b4d64cc31d87f90259690fb9572ab8a39ad5b6/terminal.json	6e62f03bb1880179026d9c22a433c61b7a48306deaa18f1a1797c9a26fd62c17	results/07_comparative_landscape/metadata_resolution_retrieval/raw/lookup_0aeca11a5a270154034adad388b4d64cc31d87f90259690fb9572ab8a39ad5b6/attempt_01/hop_00_response.json	80d2152016ff66a9edb081be141629aa8d0dedfd68a90b53f55b694063352be5	results/07_comparative_landscape/metadata_resolution_retrieval/raw/lookup_0aeca11a5a270154034adad388b4d64cc31d87f90259690fb9572ab8a39ad5b6/attempt_01/hop_00_body.bin	e57b753fec98598c86b3e3ada00b50ab31943f63df7def62e3125ff11a5524a0
5203	publication_component:citation:publication:doi:10.1146/annurev-ecolsys-110512-135920	resolved_cached_openalex	openalex	exact_doi	lookup:9742e87035410ed245b13cb3399b1c8f1658905eba586934a4df0e0c59eda50c	944b4cc732c0125da6812a21154f81d0416b0a15f401f5698e37199f6af72936	1	results/07_comparative_landscape/metadata_resolution_retrieval/raw/lookup_9742e87035410ed245b13cb3399b1c8f1658905eba586934a4df0e0c59eda50c/terminal.json	f622cf23ed7d2544daf33c17c285fd837ddb106450d6261289665639afe7deb6	results/07_comparative_landscape/metadata_resolution_retrieval/raw/lookup_9742e87035410ed245b13cb3399b1c8f1658905eba586934a4df0e0c59eda50c/attempt_01/hop_00_response.json	250fc517c3d40ce597dce55e1939bca14ec20de2cbaf228292c876350ed9d640	results/07_comparative_landscape/metadata_resolution_retrieval/raw/lookup_9742e87035410ed245b13cb3399b1c8f1658905eba586934a4df0e0c59eda50c/attempt_01/hop_00_body.bin	944b4cc732c0125da6812a21154f81d0416b0a15f401f5698e37199f6af72936
6390	publication_component:citation:publication:doi:10.1198/016214506000001437	resolved_cached_openalex	openalex	exact_doi	lookup:dbb10e5b2da0e4260cb1ce455502f9e0a349b748e6ed31c006e90de9542cb6af	dec1fb289ceace7a2a25510233e28165745926448b9a0660bfbbfe8deab08db9	1	results/07_comparative_landscape/metadata_resolution_retrieval/raw/lookup_dbb10e5b2da0e4260cb1ce455502f9e0a349b748e6ed31c006e90de9542cb6af/terminal.json	55938e4f02ab3efa6072de4dd61ec7c9ab9a5906ac113189c56b4b08ccde6949	results/07_comparative_landscape/metadata_resolution_retrieval/raw/lookup_dbb10e5b2da0e4260cb1ce455502f9e0a349b748e6ed31c006e90de9542cb6af/attempt_01/hop_00_response.json	8b2ab714597bc8bee29ebd73c7543868c47ee90863303e8012769bd9241d0296	results/07_comparative_landscape/metadata_resolution_retrieval/raw/lookup_dbb10e5b2da0e4260cb1ce455502f9e0a349b748e6ed31c006e90de9542cb6af/attempt_01/hop_00_body.bin	dec1fb289ceace7a2a25510233e28165745926448b9a0660bfbbfe8deab08db9
7716	publication_component:citation:publication:doi:10.2307/2340521	cached_sources_no_usable_abstract	openalex	exact_doi	lookup:765820318089ff166bb879b95da221fd0e52019f93b3a9f09869111c4c978dc3	83e6ce8a07d3018a41f4b620168de8204051b13934172041cd72d43c3a7e8a09	1	results/07_comparative_landscape/metadata_resolution_retrieval/raw/lookup_765820318089ff166bb879b95da221fd0e52019f93b3a9f09869111c4c978dc3/terminal.json	d0345e0005ece9cb4841c70936efda32e9057c16e9ca993db49f3e725dfcd810	results/07_comparative_landscape/metadata_resolution_retrieval/raw/lookup_765820318089ff166bb879b95da221fd0e52019f93b3a9f09869111c4c978dc3/attempt_01/hop_00_response.json	e5befb24820486c14ce3a98fb4b9feaedd513148656ff64b0f5db94d290ddd87	results/07_comparative_landscape/metadata_resolution_retrieval/raw/lookup_765820318089ff166bb879b95da221fd0e52019f93b3a9f09869111c4c978dc3/attempt_01/hop_00_body.bin	83e6ce8a07d3018a41f4b620168de8204051b13934172041cd72d43c3a7e8a09
10601	publication_component:database:publication:doi:10.1080/106351599260184	resolved_cached_openalex	openalex	exact_doi	lookup:ad3993ad2c6220d98a9d6d3e9eacd5faf8277597287309b1d3677cc34e8e3e28	0092b17abb9a47ca02b47a94c9dee13172c155d7f57b251d89f52aa8f8777aec	1	results/07_comparative_landscape/metadata_resolution_retrieval/raw/lookup_ad3993ad2c6220d98a9d6d3e9eacd5faf8277597287309b1d3677cc34e8e3e28/terminal.json	50bb6a10a87aa679c85b7e71a87a19eef1fa2e1f5e451fef6e56a0978c802ea2	results/07_comparative_landscape/metadata_resolution_retrieval/raw/lookup_ad3993ad2c6220d98a9d6d3e9eacd5faf8277597287309b1d3677cc34e8e3e28/attempt_01/hop_00_response.json	7b281ce2356869626269ec85df9d232c49e225d3ed614226a10728108f37b024	results/07_comparative_landscape/metadata_resolution_retrieval/raw/lookup_ad3993ad2c6220d98a9d6d3e9eacd5faf8277597287309b1d3677cc34e8e3e28/attempt_01/hop_00_body.bin	0092b17abb9a47ca02b47a94c9dee13172c155d7f57b251d89f52aa8f8777aec
10732	publication_component:database:publication:doi:10.1093/icb/41.1.134	resolved_cached_openalex	openalex	exact_doi	lookup:a6b5766b0af2b171507b75b5f71791b452a4eae1a986e9e4b34a0d00d68f9e21	512f9445bb2edcc7d66b89ca501db209d39771ce45b6960bbf750fe3bba6c878	1	results/07_comparative_landscape/metadata_resolution_retrieval/raw/lookup_a6b5766b0af2b171507b75b5f71791b452a4eae1a986e9e4b34a0d00d68f9e21/terminal.json	72bc900c704f61a9057d40aea67d4771aa08ad0292de80037e48c18c1efdc6a7	results/07_comparative_landscape/metadata_resolution_retrieval/raw/lookup_a6b5766b0af2b171507b75b5f71791b452a4eae1a986e9e4b34a0d00d68f9e21/attempt_01/hop_00_response.json	0c447b68442b6b6e7320b6b4ff17bb5dd850f2c2b4424ed3d213065d68d97b92	results/07_comparative_landscape/metadata_resolution_retrieval/raw/lookup_a6b5766b0af2b171507b75b5f71791b452a4eae1a986e9e4b34a0d00d68f9e21/attempt_01/hop_00_body.bin	512f9445bb2edcc7d66b89ca501db209d39771ce45b6960bbf750fe3bba6c878
10899	publication_component:database:publication:doi:10.1093/sysbio/43.4.482	resolved_cached_openalex	openalex	exact_doi	lookup:551770ca27dc314e3951ca46e06d844ee17febc60578829962da438236acf921	4e40317ac5f5a8ed8a98327c3172b6dcf7cbada82ea3e3214c939ded2a4d484f	1	results/07_comparative_landscape/metadata_resolution_retrieval/raw/lookup_551770ca27dc314e3951ca46e06d844ee17febc60578829962da438236acf921/terminal.json	63e932acf06f5e716478bc271e5277250c99af63cdec07c6051b20c9891bd3ea	results/07_comparative_landscape/metadata_resolution_retrieval/raw/lookup_551770ca27dc314e3951ca46e06d844ee17febc60578829962da438236acf921/attempt_01/hop_00_response.json	8388edf896a9cdd9e8d2a12ab2b5f704e48e0d6b8cf6cda8339fc15a71d7cd28	results/07_comparative_landscape/metadata_resolution_retrieval/raw/lookup_551770ca27dc314e3951ca46e06d844ee17febc60578829962da438236acf921/attempt_01/hop_00_body.bin	4e40317ac5f5a8ed8a98327c3172b6dcf7cbada82ea3e3214c939ded2a4d484f
11211	publication_component:database:publication:doi:10.1101/506535	resolved_cached_openalex	openalex	exact_work_id	lookup:0e0ea539cef0ca6fe54909d5c931e21df228ad2d782efb5ec48f50e70083c9bb	4c96520cc02f2263d7524229d166c1c655544a453fbf82e64c0bf753c0e9fe42	1	results/07_comparative_landscape/metadata_resolution_retrieval/raw/lookup_0e0ea539cef0ca6fe54909d5c931e21df228ad2d782efb5ec48f50e70083c9bb/terminal.json	a7527599ed4a5a8fa8d2241232f3313f1c2a0d11977ea1e3bae67ab4388eb26a	results/07_comparative_landscape/metadata_resolution_retrieval/raw/lookup_0e0ea539cef0ca6fe54909d5c931e21df228ad2d782efb5ec48f50e70083c9bb/attempt_01/hop_00_response.json	4a5dea9e447af0992870265557ea9e01c74c197a0bb470d5c336cc4736a4740f	results/07_comparative_landscape/metadata_resolution_retrieval/raw/lookup_0e0ea539cef0ca6fe54909d5c931e21df228ad2d782efb5ec48f50e70083c9bb/attempt_01/hop_00_body.bin	4c96520cc02f2263d7524229d166c1c655544a453fbf82e64c0bf753c0e9fe42
