suffix	rows	unique_ocis	raw_file
0	1263	1263	raw/opencitations/W0A07/forward_partitions/depth_00/digits_01_suffix_0.json
1	1335	1335	raw/opencitations/W0A07/forward_partitions/depth_00/digits_01_suffix_1.json
2	1238	1238	raw/opencitations/W0A07/forward_partitions/depth_00/digits_01_suffix_2.json
3	1286	1286	raw/opencitations/W0A07/forward_partitions/depth_00/digits_01_suffix_3.json
4	1279	1279	raw/opencitations/W0A07/forward_partitions/depth_00/digits_01_suffix_4.json
5	1295	1295	raw/opencitations/W0A07/forward_partitions/depth_00/digits_01_suffix_5.json
6	1260	1260	raw/opencitations/W0A07/forward_partitions/depth_00/digits_01_suffix_6.json
7	1342	1342	raw/opencitations/W0A07/forward_partitions/depth_00/digits_01_suffix_7.json
8	1249	1249	raw/opencitations/W0A07/forward_partitions/depth_00/digits_01_suffix_8.json
9	1298	1298	raw/opencitations/W0A07/forward_partitions/depth_00/digits_01_suffix_9.json
