source	query_id	query_family	reported_count	retrieved_count	response_files	complete
biotools	Q01	clade_marker	71	71	2	True
biotools	Q02	clade_marker	72	72	2	True
biotools	Q03	clade_marker	2	2	1	True
biotools	Q04	clade_marker	72	72	2	True
biotools	Q05	clade_marker	18	18	1	True
biotools	Q06	clade_marker	18	18	1	True
biotools	Q07	clade_marker	0	0	1	True
biotools	Q08	clade_marker	73	73	2	True
biotools	Q09	genotyping	0	0	1	True
biotools	Q10	genotyping	9	9	1	True
biotools	Q11	ancestral_reconstruction	11	11	1	True
biotools	Q12	ancestral_reconstruction	45	45	1	True
biotools	Q13	branch_mapping	4	4	1	True
biotools	Q14	branch_mapping	3	3	1	True
biotools	Q15	branch_mapping	1	1	1	True
biotools	Q16	homoplasy	1	1	1	True
biotools	Q17	homoplasy	1	1	1	True
biotools	Q18	clade_marker	97	97	2	True
openalex	Q01	clade_marker	3	3	1	True
openalex	Q02	clade_marker	18	18	1	True
openalex	Q03	clade_marker	49	49	1	True
openalex	Q04	clade_marker	2	2	1	True
openalex	Q05	clade_marker	0	0	1	True
openalex	Q06	clade_marker	0	0	1	True
openalex	Q07	clade_marker	0	0	1	True
openalex	Q08	clade_marker	0	0	1	True
openalex	Q09	genotyping	14	14	1	True
openalex	Q10	genotyping	5	5	1	True
openalex	Q11	ancestral_reconstruction	531	531	6	True
openalex	Q12	ancestral_reconstruction	325	325	4	True
openalex	Q13	branch_mapping	17	17	1	True
openalex	Q14	branch_mapping	14	14	1	True
openalex	Q15	branch_mapping	6	6	1	True
openalex	Q16	homoplasy	889	889	9	True
openalex	Q17	homoplasy	19	19	1	True
openalex	Q18	clade_marker	0	0	1	True
pubmed	Q01	clade_marker	0	0	1	True
pubmed	Q02	clade_marker	12	12	2	True
pubmed	Q03	clade_marker	42	42	2	True
pubmed	Q04	clade_marker	1	1	2	True
pubmed	Q05	clade_marker	0	0	1	True
pubmed	Q06	clade_marker	0	0	1	True
pubmed	Q07	clade_marker	0	0	1	True
pubmed	Q08	clade_marker	0	0	1	True
pubmed	Q09	genotyping	2	2	2	True
pubmed	Q10	genotyping	0	0	1	True
pubmed	Q11	ancestral_reconstruction	101	101	2	True
pubmed	Q12	ancestral_reconstruction	98	98	2	True
pubmed	Q13	branch_mapping	9	9	2	True
pubmed	Q14	branch_mapping	5	5	2	True
pubmed	Q15	branch_mapping	4	4	2	True
pubmed	Q16	homoplasy	438	438	4	True
pubmed	Q17	homoplasy	6	6	2	True
pubmed	Q18	clade_marker	0	0	1	True
