search_stage	source	query_id	query_family	reported_count	retrieved_count	response_files	complete
formal	biotools	Q01	clade_marker	71	71	2	True
formal	biotools	Q02	clade_marker	72	72	2	True
formal	biotools	Q03	clade_marker	2	2	1	True
formal	biotools	Q04	clade_marker	72	72	2	True
formal	biotools	Q05	clade_marker	18	18	1	True
formal	biotools	Q06	clade_marker	18	18	1	True
formal	biotools	Q07	clade_marker	0	0	1	True
formal	biotools	Q08	clade_marker	73	73	2	True
formal	biotools	Q09	genotyping	0	0	1	True
formal	biotools	Q10	genotyping	9	9	1	True
formal	biotools	Q11	ancestral_reconstruction	11	11	1	True
formal	biotools	Q12	ancestral_reconstruction	45	45	1	True
formal	biotools	Q13	branch_mapping	4	4	1	True
formal	biotools	Q14	branch_mapping	3	3	1	True
formal	biotools	Q15	branch_mapping	1	1	1	True
formal	biotools	Q16	homoplasy	1	1	1	True
formal	biotools	Q17	homoplasy	1	1	1	True
formal	biotools	Q18	clade_marker	97	97	2	True
formal	openalex	Q01	clade_marker	3	3	1	True
formal	openalex	Q02	clade_marker	18	18	1	True
formal	openalex	Q03	clade_marker	49	49	1	True
formal	openalex	Q04	clade_marker	2	2	1	True
formal	openalex	Q05	clade_marker	0	0	1	True
formal	openalex	Q06	clade_marker	0	0	1	True
formal	openalex	Q07	clade_marker	0	0	1	True
formal	openalex	Q08	clade_marker	0	0	1	True
formal	openalex	Q09	genotyping	14	14	1	True
formal	openalex	Q10	genotyping	5	5	1	True
formal	openalex	Q11	ancestral_reconstruction	531	531	6	True
formal	openalex	Q12	ancestral_reconstruction	325	325	4	True
formal	openalex	Q13	branch_mapping	17	17	1	True
formal	openalex	Q14	branch_mapping	14	14	1	True
formal	openalex	Q15	branch_mapping	6	6	1	True
formal	openalex	Q16	homoplasy	889	889	9	True
formal	openalex	Q17	homoplasy	19	19	1	True
formal	openalex	Q18	clade_marker	0	0	1	True
formal	pubmed	Q01	clade_marker	0	0	1	True
formal	pubmed	Q02	clade_marker	12	12	2	True
formal	pubmed	Q03	clade_marker	42	42	2	True
formal	pubmed	Q04	clade_marker	1	1	2	True
formal	pubmed	Q05	clade_marker	0	0	1	True
formal	pubmed	Q06	clade_marker	0	0	1	True
formal	pubmed	Q07	clade_marker	0	0	1	True
formal	pubmed	Q08	clade_marker	0	0	1	True
formal	pubmed	Q09	genotyping	2	2	2	True
formal	pubmed	Q10	genotyping	0	0	1	True
formal	pubmed	Q11	ancestral_reconstruction	101	101	2	True
formal	pubmed	Q12	ancestral_reconstruction	98	98	2	True
formal	pubmed	Q13	branch_mapping	9	9	2	True
formal	pubmed	Q14	branch_mapping	5	5	2	True
formal	pubmed	Q15	branch_mapping	4	4	2	True
formal	pubmed	Q16	homoplasy	438	438	4	True
formal	pubmed	Q17	homoplasy	6	6	2	True
formal	pubmed	Q18	clade_marker	0	0	1	True
high_recall	biotools	HR01	high_recall_clade_marker	0	0	1	True
high_recall	biotools	HR02	high_recall_branch_mapping	0	0	1	True
high_recall	biotools	HR03	high_recall_ancestral_reconstruction	54	54	2	True
high_recall	biotools	HR04	high_recall_homoplasy	1	1	1	True
high_recall	biotools	HR05	high_recall_genotyping	1	1	1	True
high_recall	openalex	HR01	high_recall_clade_marker	15020	15020	151	True
high_recall	openalex	HR02	high_recall_branch_mapping	4713	4713	48	True
high_recall	openalex	HR03	high_recall_ancestral_reconstruction	11945	11945	120	True
high_recall	openalex	HR04	high_recall_homoplasy	8600	8600	87	True
high_recall	openalex	HR05	high_recall_genotyping	37837	37837	379	True
high_recall	pubmed	HR01	high_recall_clade_marker	8815	8815	46	True
high_recall	pubmed	HR02	high_recall_branch_mapping	1626	1626	10	True
high_recall	pubmed	HR03	high_recall_ancestral_reconstruction	9432	9432	49	True
high_recall	pubmed	HR04	high_recall_homoplasy	2750	2750	15	True
high_recall	pubmed	HR05	high_recall_genotyping	12654	12654	88	True
