dataset_id	position	published_change	working_output_change	comparison
ak3_mrsa_360	99286	T>C	T>C	exact
ak3_mrsa_360	237606	G>T	G>T	exact
ak3_mrsa_360	268432	A>G	A>G	exact
ak3_mrsa_360	297655	C>A	C>A	exact
ak3_mrsa_360	541577	C>T	C>T	exact
ak3_mrsa_360	643271	A>G	A>G	exact
ak3_mrsa_360	728512	T>C	T>C	exact
ak3_mrsa_360	1032205	C>A	C>A	exact
ak3_mrsa_360	1067855	C>T	C>T	exact
ak3_mrsa_360	1167367	A>C	A>C	exact
ak3_mrsa_360	1193138	A>T	A>T	exact
ak3_mrsa_360	1217440	A>G	A>G	exact
ak3_mrsa_360	1435784	G>C	G>C	exact
ak3_mrsa_360	1680288	T>G	T>G	exact
ak3_mrsa_360	1751961	T>C	T>C	exact
ak3_mrsa_360	1800235	A>T	A>T	exact
ak3_mrsa_360	1837199	G>A	G>A	exact
ak3_mrsa_360	2122507	C>T	C>T	exact
ak3_mrsa_360	2144733	C>T	C>T	exact
ak3_mrsa_360	2266325	G>A	G>A	exact
ak3_mrsa_360	2310728	C>T	C>T	exact
ak3_mrsa_360	2537681	C>T	C>T	exact
ak3_mrsa_360	2777570	C>T	C>T	exact
ak3_sapi_385	408	G>A	A>G	reversed_direction
ak3_sapi_385	148318	A>C	C>A	reversed_direction
ak3_sapi_385	470837	C>A	A>C	reversed_direction
ak3_sapi_385	738146	A>G	G>A	reversed_direction
ak3_sapi_385	849992	T>C	C>T	reversed_direction
ak3_sapi_385	1248573	T>C	C>T	reversed_direction
ak3_sapi_385	1413986	A>G	G>A	reversed_direction
ak3_sapi_385	1542411	C>T	T>C	reversed_direction
ak3_sapi_385	1557108	C>A	A>C	reversed_direction
ak3_sapi_385	1682364	C>T	T>C	reversed_direction
ak3_sapi_385	1891191		T>A	working_output_only
ak3_sapi_385	2201553	A>G	G>A	reversed_direction
ak3_sapi_385	2556045	T>G	G>T	reversed_direction
ak3_sapi_385	2577011	C>T	T>C	reversed_direction
ak3_sapi_385	2722031	G>A	A>G	reversed_direction
