packet_id	workspace_lane	packet_index_within_lane	entity_count	first_review_work_position	last_review_work_position	ordered_screening_entity_ids_sha256
priority_001	priority	1	500	1	500	4877aabd5926fc6332edca75e5c0d0d7bfc45eed41fc4c0be27b30f51fe44511
priority_002	priority	2	500	501	1000	095817e0047b791f9c8dba9cd5b4242d936c34ac79575524f5eecb1d718fdeae
priority_003	priority	3	500	1001	1500	6ab3a36edb0f6da4abed783d38df68a51fa69aad45df26783859226c9d5c5910
priority_004	priority	4	500	1501	2000	48d360a9f0f87c0ec88c12aba5d0c95e3f0970d0c1cb9a319da2770b4ca87482
priority_005	priority	5	500	2001	2500	b685083140c5a448365c0da318aac9075748c83f1af4c7b20f9d3c2e99e81101
priority_006	priority	6	500	2501	3000	27ea2db3f7969e73bb8532b2fa1de6423e8df6c234bca67a8801d05c86eee784
priority_007	priority	7	500	3001	3500	de01f15c8990e65b29a01558f1a86ec88784013621f097d3829f72d1fc84f607
priority_008	priority	8	500	3501	4000	71624ee61387ac0cdc50e26dc52338474742d96328263fb5bc837444af80a07c
priority_009	priority	9	500	4001	4500	1e10352e177f0a760455cf94e9adc0275f890fb89d743cfaa39e24790ee73437
priority_010	priority	10	500	4501	5000	8668a7c8853fb6a8280dfe87bdf3667041dfffe2239495c86a92adab458b21ed
priority_011	priority	11	477	5001	5477	ee3d960d89ee7727fb8f96367469430de262895a8e5475a2bff3ca70fd0e54e7
residual_001	residual	1	500	1	500	adc83f6aea1aede60513375cc25fb381ab72500e37a3b8bc393e609569c38685
residual_002	residual	2	500	501	1000	61c6c130986d26b33f7a71124bcb273a3c66de7d2f55cc2239fb42e4f461cdb2
residual_003	residual	3	500	1001	1500	14374286b66214be844518ceb4057fee89189168a18e3fca1755c27b8aa5fbdf
residual_004	residual	4	500	1501	2000	b75607ed9bd3fe6a473dda79f9d6cd90a01f059e9f5e00acaaffe8a37b940a6c
residual_005	residual	5	500	2001	2500	786b07c20d8e77762e4891369808890c889c219ba6d3552e180a716ee58d3af6
residual_006	residual	6	500	2501	3000	040d0fbfd52ca67c2087a36aedf5f16c29636367983654111df231826a33a9d2
residual_007	residual	7	500	3001	3500	dd83008ebdfe11954107e2ed915140e6981a1bb2083af9149802162010b59516
residual_008	residual	8	500	3501	4000	b9dfd4478edca942fbb5d5b0709006389a815c481851669ea6e2cc111a9467b7
residual_009	residual	9	500	4001	4500	11b298aec43f3b523ce40fcb81f1c459cf496846fe9434c9b20446a2c17cf191
residual_010	residual	10	500	4501	5000	38b5b7f5bd89e53868b851ba2c5fd0f3a729bc9b2db33a5dde46f1420c417957
residual_011	residual	11	500	5001	5500	99ce96c698e7060313bf702904a24b3c9fdf980c52c84e0353ddc612cec6d25c
residual_012	residual	12	500	5501	6000	a9482d07db6d8c17eb724f9a6d24c4794e1047c4e5b7867313404ae66696ea1e
residual_013	residual	13	422	6001	6422	181e4773be030620d8ca7950b9323def0e2e20134fe3b6556265c7bf119e88d5
manual_001	manual	1	257	1	257	55bf409b639ca4369106ec4ab225a67e988fcd9928a1e8c9a598e7c3afe9f0f1
