queue_position	retrieval_record_index	screening_entity_id	abstract_status	coverage_status
1	1460	publication_component:citation:publication:doi:10.1093/obo/9780199941728-0088	abstract_absent	no_normalized_text
2	2421	publication_component:citation:publication:doi:10.1101/2021.07.06.451309	provider_not_found	no_normalized_text
3	2603	publication_component:citation:publication:doi:10.1101/2022.03.22.485370	provider_not_found	no_normalized_text
4	3092	publication_component:citation:publication:doi:10.1101/2024.09.24.614677	provider_not_found	no_normalized_text
5	3348	publication_component:citation:publication:doi:10.1101/289488	provider_not_found	no_normalized_text
6	3492	publication_component:citation:publication:doi:10.1101/627182	provider_not_found	no_normalized_text
7	3535	publication_component:citation:publication:doi:10.1101/735175	provider_not_found	no_normalized_text
8	4412	publication_component:citation:publication:doi:10.1111/mec.70161	abstract_absent	no_normalized_text
9	4738	publication_component:citation:publication:doi:10.11234/jsbibr.2021.7	provider_not_found	no_normalized_text
10	4739	publication_component:citation:publication:doi:10.11234/jsbibr.2023.primer2	provider_not_found	no_normalized_text
11	5166	publication_component:citation:publication:doi:10.1134/s1607672909020094	abstract_absent	no_normalized_text
12	5191	publication_component:citation:publication:doi:10.1142/9789812838780_0012	abstract_absent	no_normalized_text
13	5192	publication_component:citation:publication:doi:10.1142/9789814350686_0014	abstract_absent	no_normalized_text
14	5283	publication_component:citation:publication:doi:10.1175/1520-0493(1950)078<0001:vofeit>2.0.co	provider_not_found	no_normalized_text
15	5673	publication_component:citation:publication:doi:10.1186/s12862-017-0875-5	abstract_absent	no_normalized_text
16	6392	publication_component:citation:publication:doi:10.1201/b17795-3	abstract_absent	no_normalized_text
17	6445	publication_component:citation:publication:doi:10.13140/rg.2.1.4351.7043	abstract_absent	no_normalized_text
18	6517	publication_component:citation:publication:doi:10.1371/journal.pcbi.1004763	abstract_absent	no_normalized_text
19	7131	publication_component:citation:publication:doi:10.14271/dms-20792-de	abstract_absent	no_normalized_text
20	7134	publication_component:citation:publication:doi:10.14418/wes01.2.416	abstract_absent	no_normalized_text
21	7135	publication_component:citation:publication:doi:10.14418/wes01.3.37	abstract_absent	no_normalized_text
22	7248	publication_component:citation:publication:doi:10.15476/elte.2020.106	abstract_absent	no_normalized_text
23	7296	publication_component:citation:publication:doi:10.17582/journal.pjz/20180503070501	abstract_absent	no_normalized_text
24	7298	publication_component:citation:publication:doi:10.17660/actahortic.2019.1254.21	abstract_absent	no_normalized_text
25	7328	publication_component:citation:publication:doi:10.18653/v1/w16-0205	abstract_absent	no_normalized_text
26	7329	publication_component:citation:publication:doi:10.18699/bgrssb-2018-113	abstract_absent	no_normalized_text
27	7357	publication_component:citation:publication:doi:10.21105/joss.09797	abstract_absent	no_normalized_text
28	7363	publication_component:citation:publication:doi:10.21203/rs.2.10527/v1	abstract_absent	no_normalized_text
29	7364	publication_component:citation:publication:doi:10.21203/rs.2.10527/v2	abstract_absent	no_normalized_text
30	7365	publication_component:citation:publication:doi:10.21203/rs.2.10527/v3	abstract_absent	no_normalized_text
31	7368	publication_component:citation:publication:doi:10.21203/rs.2.13421/v2	abstract_absent	no_normalized_text
32	7372	publication_component:citation:publication:doi:10.21203/rs.2.13421/v6	abstract_absent	no_normalized_text
33	7377	publication_component:citation:publication:doi:10.21203/rs.2.16759/v1	abstract_absent	no_normalized_text
34	7378	publication_component:citation:publication:doi:10.21203/rs.2.16759/v2	abstract_absent	no_normalized_text
35	7386	publication_component:citation:publication:doi:10.21203/rs.2.22057/v2	abstract_absent	no_normalized_text
36	7389	publication_component:citation:publication:doi:10.21203/rs.2.9147/v2	abstract_absent	no_normalized_text
37	7390	publication_component:citation:publication:doi:10.21203/rs.2.9147/v3	abstract_absent	no_normalized_text
38	7397	publication_component:citation:publication:doi:10.21203/rs.3.rs-10328145/v1	abstract_absent	no_normalized_text
39	7398	publication_component:citation:publication:doi:10.21203/rs.3.rs-10347038/v1	abstract_absent	no_normalized_text
40	7399	publication_component:citation:publication:doi:10.21203/rs.3.rs-10411590/v1	abstract_absent	no_normalized_text
41	7400	publication_component:citation:publication:doi:10.21203/rs.3.rs-10508252/v1	abstract_absent	no_normalized_text
42	7401	publication_component:citation:publication:doi:10.21203/rs.3.rs-10863387/v1	abstract_absent	no_normalized_text
43	7402	publication_component:citation:publication:doi:10.21203/rs.3.rs-10882273/v1	abstract_absent	no_normalized_text
44	7404	publication_component:citation:publication:doi:10.21203/rs.3.rs-10998138/v1	abstract_absent	no_normalized_text
45	7406	publication_component:citation:publication:doi:10.21203/rs.3.rs-112815/v1	abstract_absent	no_normalized_text
46	7408	publication_component:citation:publication:doi:10.21203/rs.3.rs-112826/v1	abstract_absent	no_normalized_text
47	7409	publication_component:citation:publication:doi:10.21203/rs.3.rs-1146895/v1	abstract_absent	no_normalized_text
48	7422	publication_component:citation:publication:doi:10.21203/rs.3.rs-1424490/v1	abstract_absent	no_normalized_text
49	7434	publication_component:citation:publication:doi:10.21203/rs.3.rs-1828415/v1	abstract_absent	no_normalized_text
50	7435	publication_component:citation:publication:doi:10.21203/rs.3.rs-1828415/v2	abstract_absent	no_normalized_text
51	7436	publication_component:citation:publication:doi:10.21203/rs.3.rs-1828415/v3	abstract_absent	no_normalized_text
52	7439	publication_component:citation:publication:doi:10.21203/rs.3.rs-20447/v1	abstract_absent	no_normalized_text
53	7440	publication_component:citation:publication:doi:10.21203/rs.3.rs-20447/v2	abstract_absent	no_normalized_text
54	7441	publication_component:citation:publication:doi:10.21203/rs.3.rs-20447/v3	abstract_absent	no_normalized_text
55	7442	publication_component:citation:publication:doi:10.21203/rs.3.rs-20447/v4	abstract_absent	no_normalized_text
56	7446	publication_component:citation:publication:doi:10.21203/rs.3.rs-2107395/v1	abstract_absent	no_normalized_text
57	7451	publication_component:citation:publication:doi:10.21203/rs.3.rs-2166905/v1	abstract_absent	no_normalized_text
58	7452	publication_component:citation:publication:doi:10.21203/rs.3.rs-2166905/v2	abstract_absent	no_normalized_text
59	7453	publication_component:citation:publication:doi:10.21203/rs.3.rs-216864/v1	abstract_absent	no_normalized_text
60	7454	publication_component:citation:publication:doi:10.21203/rs.3.rs-2203028/v1	abstract_absent	no_normalized_text
61	7455	publication_component:citation:publication:doi:10.21203/rs.3.rs-2211549/v1	abstract_absent	no_normalized_text
62	7458	publication_component:citation:publication:doi:10.21203/rs.3.rs-2365444/v1	abstract_absent	no_normalized_text
63	7459	publication_component:citation:publication:doi:10.21203/rs.3.rs-2365444/v2	abstract_absent	no_normalized_text
64	7470	publication_component:citation:publication:doi:10.21203/rs.3.rs-26814/v2	abstract_absent	no_normalized_text
65	7472	publication_component:citation:publication:doi:10.21203/rs.3.rs-26814/v4	abstract_absent	no_normalized_text
66	7475	publication_component:citation:publication:doi:10.21203/rs.3.rs-2729811/v1	abstract_absent	no_normalized_text
67	7477	publication_component:citation:publication:doi:10.21203/rs.3.rs-275494/v1	abstract_absent	no_normalized_text
68	7479	publication_component:citation:publication:doi:10.21203/rs.3.rs-2845141/v1	abstract_absent	no_normalized_text
69	7481	publication_component:citation:publication:doi:10.21203/rs.3.rs-29165/v1	abstract_absent	no_normalized_text
70	7482	publication_component:citation:publication:doi:10.21203/rs.3.rs-29165/v2	abstract_absent	no_normalized_text
71	7483	publication_component:citation:publication:doi:10.21203/rs.3.rs-29165/v3	abstract_absent	no_normalized_text
72	7484	publication_component:citation:publication:doi:10.21203/rs.3.rs-2922188/v1	abstract_absent	no_normalized_text
73	7485	publication_component:citation:publication:doi:10.21203/rs.3.rs-2924668/v1	abstract_absent	no_normalized_text
74	7486	publication_component:citation:publication:doi:10.21203/rs.3.rs-2924668/v2	abstract_absent	no_normalized_text
75	7488	publication_component:citation:publication:doi:10.21203/rs.3.rs-2969058/v1	abstract_absent	no_normalized_text
76	7489	publication_component:citation:publication:doi:10.21203/rs.3.rs-3002580/v1	abstract_absent	no_normalized_text
77	7490	publication_component:citation:publication:doi:10.21203/rs.3.rs-3002580/v3	abstract_absent	no_normalized_text
78	7491	publication_component:citation:publication:doi:10.21203/rs.3.rs-3011465/v1	abstract_absent	no_normalized_text
79	7492	publication_component:citation:publication:doi:10.21203/rs.3.rs-3062426/v1	abstract_absent	no_normalized_text
80	7494	publication_component:citation:publication:doi:10.21203/rs.3.rs-3092929/v1	abstract_absent	no_normalized_text
81	7496	publication_component:citation:publication:doi:10.21203/rs.3.rs-3264004/v1	abstract_absent	no_normalized_text
82	7500	publication_component:citation:publication:doi:10.21203/rs.3.rs-3426839/v1	abstract_absent	no_normalized_text
83	7502	publication_component:citation:publication:doi:10.21203/rs.3.rs-3480374/v1	abstract_absent	no_normalized_text
84	7503	publication_component:citation:publication:doi:10.21203/rs.3.rs-3594225/v1	abstract_absent	no_normalized_text
85	7505	publication_component:citation:publication:doi:10.21203/rs.3.rs-3643888/v1	abstract_absent	no_normalized_text
86	7506	publication_component:citation:publication:doi:10.21203/rs.3.rs-3668307/v1	abstract_absent	no_normalized_text
87	7508	publication_component:citation:publication:doi:10.21203/rs.3.rs-3777552/v1	abstract_absent	no_normalized_text
88	7510	publication_component:citation:publication:doi:10.21203/rs.3.rs-3835105/v1	abstract_absent	no_normalized_text
89	7511	publication_component:citation:publication:doi:10.21203/rs.3.rs-3835960/v1	abstract_absent	no_normalized_text
90	7514	publication_component:citation:publication:doi:10.21203/rs.3.rs-388059/v1	abstract_absent	no_normalized_text
91	7517	publication_component:citation:publication:doi:10.21203/rs.3.rs-3988578/v1	abstract_absent	no_normalized_text
92	7518	publication_component:citation:publication:doi:10.21203/rs.3.rs-399598/v1	abstract_absent	no_normalized_text
93	7519	publication_component:citation:publication:doi:10.21203/rs.3.rs-399598/v2	abstract_absent	no_normalized_text
94	7522	publication_component:citation:publication:doi:10.21203/rs.3.rs-4128148/v1	abstract_absent	no_normalized_text
95	7524	publication_component:citation:publication:doi:10.21203/rs.3.rs-4202515/v1	abstract_absent	no_normalized_text
96	7525	publication_component:citation:publication:doi:10.21203/rs.3.rs-4224555/v1	abstract_absent	no_normalized_text
97	7528	publication_component:citation:publication:doi:10.21203/rs.3.rs-4459885/v1	abstract_absent	no_normalized_text
98	7529	publication_component:citation:publication:doi:10.21203/rs.3.rs-4489301/v1	abstract_absent	no_normalized_text
99	7531	publication_component:citation:publication:doi:10.21203/rs.3.rs-4502330/v1	abstract_absent	no_normalized_text
100	7532	publication_component:citation:publication:doi:10.21203/rs.3.rs-4511746/v1	abstract_absent	no_normalized_text
101	7534	publication_component:citation:publication:doi:10.21203/rs.3.rs-4536365/v1	abstract_absent	no_normalized_text
102	7535	publication_component:citation:publication:doi:10.21203/rs.3.rs-4547844/v1	abstract_absent	no_normalized_text
103	7536	publication_component:citation:publication:doi:10.21203/rs.3.rs-4562993/v1	abstract_absent	no_normalized_text
104	7537	publication_component:citation:publication:doi:10.21203/rs.3.rs-4611600/v1	abstract_absent	no_normalized_text
105	7538	publication_component:citation:publication:doi:10.21203/rs.3.rs-4685784/v1	abstract_absent	no_normalized_text
106	7539	publication_component:citation:publication:doi:10.21203/rs.3.rs-4737612/v1	abstract_absent	no_normalized_text
107	7540	publication_component:citation:publication:doi:10.21203/rs.3.rs-4750503/v1	abstract_absent	no_normalized_text
108	7541	publication_component:citation:publication:doi:10.21203/rs.3.rs-4754772/v1	abstract_absent	no_normalized_text
109	7542	publication_component:citation:publication:doi:10.21203/rs.3.rs-4794293/v1	abstract_absent	no_normalized_text
110	7543	publication_component:citation:publication:doi:10.21203/rs.3.rs-48247/v1	abstract_absent	no_normalized_text
111	7544	publication_component:citation:publication:doi:10.21203/rs.3.rs-4824867/v1	abstract_absent	no_normalized_text
112	7546	publication_component:citation:publication:doi:10.21203/rs.3.rs-4905052/v1	abstract_absent	no_normalized_text
113	7552	publication_component:citation:publication:doi:10.21203/rs.3.rs-4996018/v1	abstract_absent	no_normalized_text
114	7553	publication_component:citation:publication:doi:10.21203/rs.3.rs-5014934/v1	abstract_absent	no_normalized_text
115	7555	publication_component:citation:publication:doi:10.21203/rs.3.rs-5255076/v1	abstract_absent	no_normalized_text
116	7556	publication_component:citation:publication:doi:10.21203/rs.3.rs-5381283/v1	abstract_absent	no_normalized_text
117	7559	publication_component:citation:publication:doi:10.21203/rs.3.rs-5578199/v1	abstract_absent	no_normalized_text
118	7560	publication_component:citation:publication:doi:10.21203/rs.3.rs-5675976/v1	abstract_absent	no_normalized_text
119	7561	publication_component:citation:publication:doi:10.21203/rs.3.rs-5695306/v1	abstract_absent	no_normalized_text
120	7562	publication_component:citation:publication:doi:10.21203/rs.3.rs-58072/v1	abstract_absent	no_normalized_text
121	7563	publication_component:citation:publication:doi:10.21203/rs.3.rs-5849960/v1	abstract_absent	no_normalized_text
122	7564	publication_component:citation:publication:doi:10.21203/rs.3.rs-5852798/v1	abstract_absent	no_normalized_text
123	7565	publication_component:citation:publication:doi:10.21203/rs.3.rs-5971869/v1	abstract_absent	no_normalized_text
124	7566	publication_component:citation:publication:doi:10.21203/rs.3.rs-5980036/v1	abstract_absent	no_normalized_text
125	7570	publication_component:citation:publication:doi:10.21203/rs.3.rs-6242736/v1	abstract_absent	no_normalized_text
126	7571	publication_component:citation:publication:doi:10.21203/rs.3.rs-6262997/v2	abstract_absent	no_normalized_text
127	7572	publication_component:citation:publication:doi:10.21203/rs.3.rs-6452497/v1	abstract_absent	no_normalized_text
128	7574	publication_component:citation:publication:doi:10.21203/rs.3.rs-6552063/v1	abstract_absent	no_normalized_text
129	7575	publication_component:citation:publication:doi:10.21203/rs.3.rs-6595308/v1	abstract_absent	no_normalized_text
130	7576	publication_component:citation:publication:doi:10.21203/rs.3.rs-6647740/v1	abstract_absent	no_normalized_text
131	7577	publication_component:citation:publication:doi:10.21203/rs.3.rs-6912338/v1	abstract_absent	no_normalized_text
132	7579	publication_component:citation:publication:doi:10.21203/rs.3.rs-7120697/v1	abstract_absent	no_normalized_text
133	7583	publication_component:citation:publication:doi:10.21203/rs.3.rs-7264946/v1	abstract_absent	no_normalized_text
134	7584	publication_component:citation:publication:doi:10.21203/rs.3.rs-7268223/v1	abstract_absent	no_normalized_text
135	7585	publication_component:citation:publication:doi:10.21203/rs.3.rs-734586/v1	abstract_absent	no_normalized_text
136	7586	publication_component:citation:publication:doi:10.21203/rs.3.rs-7359208/v1	abstract_absent	no_normalized_text
137	7587	publication_component:citation:publication:doi:10.21203/rs.3.rs-7482084/v1	abstract_absent	no_normalized_text
138	7590	publication_component:citation:publication:doi:10.21203/rs.3.rs-7909828/v1	abstract_absent	no_normalized_text
139	7591	publication_component:citation:publication:doi:10.21203/rs.3.rs-7991728/v1	abstract_absent	no_normalized_text
140	7593	publication_component:citation:publication:doi:10.21203/rs.3.rs-8177042/v1	abstract_absent	no_normalized_text
141	7594	publication_component:citation:publication:doi:10.21203/rs.3.rs-8437865/v1	abstract_absent	no_normalized_text
142	7596	publication_component:citation:publication:doi:10.21203/rs.3.rs-8704689/v1	abstract_absent	no_normalized_text
143	7597	publication_component:citation:publication:doi:10.21203/rs.3.rs-8797160/v1	abstract_absent	no_normalized_text
144	7599	publication_component:citation:publication:doi:10.21203/rs.3.rs-9014569/v1	abstract_absent	no_normalized_text
145	7600	publication_component:citation:publication:doi:10.21203/rs.3.rs-9014569/v2	abstract_absent	no_normalized_text
146	7601	publication_component:citation:publication:doi:10.21203/rs.3.rs-9344370/v1	abstract_absent	no_normalized_text
147	7602	publication_component:citation:publication:doi:10.21203/rs.3.rs-9610775/v1	abstract_absent	no_normalized_text
148	7603	publication_component:citation:publication:doi:10.21203/rs.3.rs-9615064/v1	abstract_absent	no_normalized_text
149	7604	publication_component:citation:publication:doi:10.21203/rs.3.rs-968321/v1	abstract_absent	no_normalized_text
150	7605	publication_component:citation:publication:doi:10.21203/rs.3.rs-9898928/v1	abstract_absent	no_normalized_text
151	7607	publication_component:citation:publication:doi:10.21203/rs.3.rs-9904606/v1	abstract_absent	no_normalized_text
152	7608	publication_component:citation:publication:doi:10.21203/rs.3.rs-99464/v1	abstract_absent	no_normalized_text
153	7609	publication_component:citation:publication:doi:10.2139/ssrn.3155660	abstract_absent	no_normalized_text
154	7610	publication_component:citation:publication:doi:10.2139/ssrn.3155745	abstract_absent	no_normalized_text
155	7611	publication_component:citation:publication:doi:10.2139/ssrn.3253571	abstract_absent	no_normalized_text
156	7612	publication_component:citation:publication:doi:10.2139/ssrn.3502312	abstract_absent	no_normalized_text
157	7613	publication_component:citation:publication:doi:10.2139/ssrn.3932602	abstract_absent	no_normalized_text
158	7614	publication_component:citation:publication:doi:10.2139/ssrn.3952829	abstract_absent	no_normalized_text
159	7615	publication_component:citation:publication:doi:10.2139/ssrn.4055643	abstract_absent	no_normalized_text
160	7616	publication_component:citation:publication:doi:10.2139/ssrn.4069545	abstract_absent	no_normalized_text
161	7617	publication_component:citation:publication:doi:10.2139/ssrn.4071016	abstract_absent	no_normalized_text
162	7618	publication_component:citation:publication:doi:10.2139/ssrn.4099078	abstract_absent	no_normalized_text
163	7619	publication_component:citation:publication:doi:10.2139/ssrn.4135652	abstract_absent	no_normalized_text
164	7620	publication_component:citation:publication:doi:10.2139/ssrn.4196967	abstract_absent	no_normalized_text
165	7621	publication_component:citation:publication:doi:10.2139/ssrn.4214078	abstract_absent	no_normalized_text
166	7622	publication_component:citation:publication:doi:10.2139/ssrn.4774114	abstract_absent	no_normalized_text
167	7623	publication_component:citation:publication:doi:10.2139/ssrn.4781960	abstract_absent	no_normalized_text
168	7624	publication_component:citation:publication:doi:10.2139/ssrn.4791168	abstract_absent	no_normalized_text
169	7625	publication_component:citation:publication:doi:10.2139/ssrn.4795031	abstract_absent	no_normalized_text
170	7626	publication_component:citation:publication:doi:10.2139/ssrn.4822224	abstract_absent	no_normalized_text
171	7627	publication_component:citation:publication:doi:10.2139/ssrn.4822271	abstract_absent	no_normalized_text
172	7628	publication_component:citation:publication:doi:10.2139/ssrn.4888603	abstract_absent	no_normalized_text
173	7629	publication_component:citation:publication:doi:10.2139/ssrn.5055090	abstract_absent	no_normalized_text
174	7630	publication_component:citation:publication:doi:10.2139/ssrn.5055093	abstract_absent	no_normalized_text
175	7631	publication_component:citation:publication:doi:10.2139/ssrn.5092569	abstract_absent	no_normalized_text
176	7632	publication_component:citation:publication:doi:10.2139/ssrn.5352070	abstract_absent	no_normalized_text
177	7633	publication_component:citation:publication:doi:10.2139/ssrn.5360477	abstract_absent	no_normalized_text
178	7634	publication_component:citation:publication:doi:10.2139/ssrn.5389239	abstract_absent	no_normalized_text
179	7635	publication_component:citation:publication:doi:10.2139/ssrn.5396505	abstract_absent	no_normalized_text
180	7636	publication_component:citation:publication:doi:10.2139/ssrn.5551147	abstract_absent	no_normalized_text
181	7637	publication_component:citation:publication:doi:10.2139/ssrn.5767222	abstract_absent	no_normalized_text
182	7638	publication_component:citation:publication:doi:10.2139/ssrn.5772695	abstract_absent	no_normalized_text
183	7639	publication_component:citation:publication:doi:10.2139/ssrn.6471258	abstract_absent	no_normalized_text
184	7640	publication_component:citation:publication:doi:10.2139/ssrn.6480006	abstract_absent	no_normalized_text
185	7641	publication_component:citation:publication:doi:10.2139/ssrn.6578345	abstract_absent	no_normalized_text
186	7642	publication_component:citation:publication:doi:10.2139/ssrn.6626700	abstract_absent	no_normalized_text
187	7643	publication_component:citation:publication:doi:10.2139/ssrn.7213784	abstract_absent	no_normalized_text
188	7644	publication_component:citation:publication:doi:10.2139/ssrn.7238596	abstract_absent	no_normalized_text
189	7645	publication_component:citation:publication:doi:10.2139/ssrn.7417079	abstract_absent	no_normalized_text
190	7716	publication_component:citation:publication:doi:10.2307/2340521	abstract_absent	no_normalized_text
191	7831	publication_component:citation:publication:doi:10.3354/meps14701	abstract_absent	no_normalized_text
192	7836	publication_component:citation:publication:doi:10.3389/978-2-8325-4290-3	abstract_absent	no_normalized_text
193	9008	publication_component:citation:publication:doi:10.34626/mt58-1180	abstract_absent	no_normalized_text
194	9009	publication_component:citation:publication:doi:10.34626/y4h5-c132	abstract_absent	no_normalized_text
195	9010	publication_component:citation:publication:doi:10.34626/zrtz-vt63	abstract_absent	no_normalized_text
196	9089	publication_component:citation:publication:doi:10.4149/av_2012_03_257	abstract_absent	no_normalized_text
197	9121	publication_component:citation:publication:doi:10.47749/t/unicamp.2020.1128738	abstract_absent	no_normalized_text
198	9128	publication_component:citation:publication:doi:10.48130/forres-0026-0026	abstract_absent	no_normalized_text
199	9138	publication_component:citation:publication:doi:10.48130/mycosphere-0026-0015	abstract_absent	no_normalized_text
200	9191	publication_component:citation:publication:doi:10.5897/ajb11.773	openalex_position_gap	no_normalized_text
201	9201	publication_component:citation:publication:doi:10.60797/jbg.2026.32.7.1	abstract_absent	no_normalized_text
202	9202	publication_component:citation:publication:doi:10.60797/jbg.2026.32.7.2	abstract_absent	no_normalized_text
203	9203	publication_component:citation:publication:doi:10.60797/jbg.2026.32.7.3	abstract_absent	no_normalized_text
204	9204	publication_component:citation:publication:doi:10.60797/jbg.2026.32.7.4	abstract_absent	no_normalized_text
205	9753	publication_component:citation:publication:doi:10.7490/f1000research.236.1	abstract_absent	no_normalized_text
206	9967	publication_component:citation:publication:doi:10.9787/pbb.2020.8.1.28	abstract_absent	no_normalized_text
207	9968	publication_component:citation:publication:pmid:13159408	abstract_absent	no_normalized_text
208	9969	publication_component:citation:publication:pmid:14187729	abstract_absent	no_normalized_text
209	9977	publication_component:citation:publication:pmid:7591622	abstract_absent	no_normalized_text
210	10049	publication_component:database:publication:doi:10.1007/978-3-030-10797-0_5	abstract_absent	no_normalized_text
211	10050	publication_component:database:publication:doi:10.1007/978-3-030-60181-2_11	abstract_absent	no_normalized_text
212	10051	publication_component:database:publication:doi:10.1007/978-3-031-00848-1_14	abstract_absent	no_normalized_text
213	10052	publication_component:database:publication:doi:10.1007/978-3-031-94928-9_3	abstract_absent	no_normalized_text
214	10053	publication_component:database:publication:doi:10.1007/978-3-319-24966-7_14	abstract_absent	no_normalized_text
215	10054	publication_component:database:publication:doi:10.1007/978-3-319-54064-1_8	abstract_absent	no_normalized_text
216	10055	publication_component:database:publication:doi:10.1007/978-94-007-6304-3_18	abstract_absent	no_normalized_text
217	10056	publication_component:database:publication:doi:10.1007/978-94-007-6326-5_18-1	abstract_absent	no_normalized_text
218	10057	publication_component:database:publication:doi:10.1007/978-981-16-1974-8_8	abstract_absent	no_normalized_text
219	10058	publication_component:database:publication:doi:10.1007/bf01797451	abstract_absent	no_normalized_text
220	10096	publication_component:database:publication:doi:10.1007/s00343-018-7054-4	abstract_absent	no_normalized_text
221	10098	publication_component:database:publication:doi:10.1007/s00606-014-1187-5	abstract_absent	no_normalized_text
222	10111	publication_component:database:publication:doi:10.1007/s10722-018-0675-9	abstract_absent	no_normalized_text
223	10112	publication_component:database:publication:doi:10.1007/s10750-008-9688-2	abstract_absent	no_normalized_text
224	10113	publication_component:database:publication:doi:10.1007/s10750-013-1599-1	abstract_absent	no_normalized_text
225	10120	publication_component:database:publication:doi:10.1007/s11105-013-0671-3	abstract_absent	no_normalized_text
226	10140	publication_component:database:publication:doi:10.1016/b978-0-12-374153-0.00020-5	abstract_absent	no_normalized_text
227	10143	publication_component:database:publication:doi:10.1016/j.aggene.2019.100098	abstract_absent	no_normalized_text
228	10277	publication_component:database:publication:doi:10.1016/j.palaeo.2026.113985	abstract_absent	no_normalized_text
229	10283	publication_component:database:publication:doi:10.1016/j.plgene.2019.100216	abstract_absent	no_normalized_text
230	10288	publication_component:database:publication:doi:10.1016/j.smallrumres.2016.10.010	abstract_absent	no_normalized_text
231	10321	publication_component:database:publication:doi:10.1016/j.ympev.2009.03.008	abstract_absent	no_normalized_text
232	10452	publication_component:database:publication:doi:10.1038/nrg1324	abstract_absent	no_normalized_text
233	11061	publication_component:database:publication:doi:10.1101/2021.02.02.429486	provider_not_found	no_normalized_text
234	11821	publication_component:database:publication:doi:10.21203/rs.2.9147/v4	abstract_absent	no_normalized_text
235	11822	publication_component:database:publication:doi:10.21203/rs.3.rs-10559267/v1	abstract_absent	no_normalized_text
236	11823	publication_component:database:publication:doi:10.21203/rs.3.rs-10775677/v1	abstract_absent	no_normalized_text
237	11824	publication_component:database:publication:doi:10.21203/rs.3.rs-112816/v1	abstract_absent	no_normalized_text
238	11828	publication_component:database:publication:doi:10.21203/rs.3.rs-1777118/v1	abstract_absent	no_normalized_text
239	11831	publication_component:database:publication:doi:10.21203/rs.3.rs-3393642/v1	abstract_absent	no_normalized_text
240	11836	publication_component:database:publication:doi:10.21203/rs.3.rs-4508846/v1	abstract_absent	no_normalized_text
241	11837	publication_component:database:publication:doi:10.21203/rs.3.rs-523676/v1	abstract_absent	no_normalized_text
242	11838	publication_component:database:publication:doi:10.21203/rs.3.rs-55448/v1	abstract_absent	no_normalized_text
243	11841	publication_component:database:publication:doi:10.21203/rs.3.rs-6693511/v1	abstract_absent	no_normalized_text
244	11842	publication_component:database:publication:doi:10.21203/rs.3.rs-6951771/v1	abstract_absent	no_normalized_text
245	11843	publication_component:database:publication:doi:10.21203/rs.3.rs-7254318/v1	abstract_absent	no_normalized_text
246	11844	publication_component:database:publication:doi:10.21203/rs.3.rs-7906379/v1	abstract_absent	no_normalized_text
247	11845	publication_component:database:publication:doi:10.21203/rs.3.rs-8743126/v1	abstract_absent	no_normalized_text
248	11846	publication_component:database:publication:doi:10.21203/rs.3.rs-8923591/v1	abstract_absent	no_normalized_text
249	11847	publication_component:database:publication:doi:10.21203/rs.3.rs-9086762/v1	abstract_absent	no_normalized_text
250	11848	publication_component:database:publication:doi:10.21203/rs.3.rs-985139/v1	abstract_absent	no_normalized_text
251	11850	publication_component:database:publication:doi:10.2139/ssrn.4019720	abstract_absent	no_normalized_text
252	11851	publication_component:database:publication:doi:10.2139/ssrn.4119751	abstract_absent	no_normalized_text
253	11852	publication_component:database:publication:doi:10.2139/ssrn.4757412	abstract_absent	no_normalized_text
254	11853	publication_component:database:publication:doi:10.2139/ssrn.5975936	abstract_absent	no_normalized_text
255	11854	publication_component:database:publication:doi:10.2139/ssrn.6170237	abstract_absent	no_normalized_text
256	11855	publication_component:database:publication:doi:10.2139/ssrn.6443576	abstract_absent	no_normalized_text
257	11856	publication_component:database:publication:doi:10.2139/ssrn.6556603	abstract_absent	no_normalized_text
