relative_path	size_bytes
candidate_records.tsv	30543433
corpus_checksums.sha256	100103
deduplicated_records.tsv	18349754
raw/biotools/HR01_page_0001.json	49
raw/biotools/HR02_page_0001.json	49
raw/biotools/HR03_page_0001.json	161995
raw/biotools/HR03_page_0002.json	17350
raw/biotools/HR04_page_0001.json	2732
raw/biotools/HR05_page_0001.json	5684
raw/openalex/HR01_page_0001.json	234365
raw/openalex/HR01_page_0002.json	266020
raw/openalex/HR01_page_0003.json	270644
raw/openalex/HR01_page_0004.json	281948
raw/openalex/HR01_page_0005.json	253883
raw/openalex/HR01_page_0006.json	245428
raw/openalex/HR01_page_0007.json	273504
raw/openalex/HR01_page_0008.json	244304
raw/openalex/HR01_page_0009.json	293695
raw/openalex/HR01_page_0010.json	283646
raw/openalex/HR01_page_0011.json	285113
raw/openalex/HR01_page_0012.json	295822
raw/openalex/HR01_page_0013.json	266701
raw/openalex/HR01_page_0014.json	272203
raw/openalex/HR01_page_0015.json	289259
raw/openalex/HR01_page_0016.json	257392
raw/openalex/HR01_page_0017.json	259363
raw/openalex/HR01_page_0018.json	313333
raw/openalex/HR01_page_0019.json	285871
raw/openalex/HR01_page_0020.json	267626
raw/openalex/HR01_page_0021.json	253071
raw/openalex/HR01_page_0022.json	272256
raw/openalex/HR01_page_0023.json	275706
raw/openalex/HR01_page_0024.json	283958
raw/openalex/HR01_page_0025.json	266181
raw/openalex/HR01_page_0026.json	284431
raw/openalex/HR01_page_0027.json	310787
raw/openalex/HR01_page_0028.json	288597
raw/openalex/HR01_page_0029.json	261802
raw/openalex/HR01_page_0030.json	269390
raw/openalex/HR01_page_0031.json	270082
raw/openalex/HR01_page_0032.json	284221
raw/openalex/HR01_page_0033.json	301706
raw/openalex/HR01_page_0034.json	273420
raw/openalex/HR01_page_0035.json	232001
raw/openalex/HR01_page_0036.json	262469
raw/openalex/HR01_page_0037.json	304956
raw/openalex/HR01_page_0038.json	308559
raw/openalex/HR01_page_0039.json	296840
raw/openalex/HR01_page_0040.json	312244
raw/openalex/HR01_page_0041.json	253717
raw/openalex/HR01_page_0042.json	267826
raw/openalex/HR01_page_0043.json	315263
raw/openalex/HR01_page_0044.json	291597
raw/openalex/HR01_page_0045.json	309983
raw/openalex/HR01_page_0046.json	333754
raw/openalex/HR01_page_0047.json	247852
raw/openalex/HR01_page_0048.json	242125
raw/openalex/HR01_page_0049.json	306203
raw/openalex/HR01_page_0050.json	287733
raw/openalex/HR01_page_0051.json	291510
raw/openalex/HR01_page_0052.json	308021
raw/openalex/HR01_page_0053.json	307340
raw/openalex/HR01_page_0054.json	291585
raw/openalex/HR01_page_0055.json	194886
raw/openalex/HR01_page_0056.json	287086
raw/openalex/HR01_page_0057.json	318114
raw/openalex/HR01_page_0058.json	315062
raw/openalex/HR01_page_0059.json	309717
raw/openalex/HR01_page_0060.json	242457
raw/openalex/HR01_page_0061.json	316072
raw/openalex/HR01_page_0062.json	293270
raw/openalex/HR01_page_0063.json	238741
raw/openalex/HR01_page_0064.json	331164
raw/openalex/HR01_page_0065.json	304814
raw/openalex/HR01_page_0066.json	310588
raw/openalex/HR01_page_0067.json	259762
raw/openalex/HR01_page_0068.json	327832
raw/openalex/HR01_page_0069.json	303176
raw/openalex/HR01_page_0070.json	307437
raw/openalex/HR01_page_0071.json	297630
raw/openalex/HR01_page_0072.json	225468
raw/openalex/HR01_page_0073.json	332315
raw/openalex/HR01_page_0074.json	315692
raw/openalex/HR01_page_0075.json	316254
raw/openalex/HR01_page_0076.json	313580
raw/openalex/HR01_page_0077.json	315415
raw/openalex/HR01_page_0078.json	327025
raw/openalex/HR01_page_0079.json	293423
raw/openalex/HR01_page_0080.json	327984
raw/openalex/HR01_page_0081.json	267072
raw/openalex/HR01_page_0082.json	365571
raw/openalex/HR01_page_0083.json	317699
raw/openalex/HR01_page_0084.json	358562
raw/openalex/HR01_page_0085.json	345650
raw/openalex/HR01_page_0086.json	349960
raw/openalex/HR01_page_0087.json	379528
raw/openalex/HR01_page_0088.json	361431
raw/openalex/HR01_page_0089.json	297428
raw/openalex/HR01_page_0090.json	324515
raw/openalex/HR01_page_0091.json	304846
raw/openalex/HR01_page_0092.json	319213
raw/openalex/HR01_page_0093.json	321620
raw/openalex/HR01_page_0094.json	356176
raw/openalex/HR01_page_0095.json	310424
raw/openalex/HR01_page_0096.json	347299
raw/openalex/HR01_page_0097.json	335362
raw/openalex/HR01_page_0098.json	333134
raw/openalex/HR01_page_0099.json	327459
raw/openalex/HR01_page_0100.json	264922
raw/openalex/HR01_page_0101.json	353927
raw/openalex/HR01_page_0102.json	314987
raw/openalex/HR01_page_0103.json	230074
raw/openalex/HR01_page_0104.json	310548
raw/openalex/HR01_page_0105.json	323264
raw/openalex/HR01_page_0106.json	326203
raw/openalex/HR01_page_0107.json	333142
raw/openalex/HR01_page_0108.json	321814
raw/openalex/HR01_page_0109.json	287472
raw/openalex/HR01_page_0110.json	300797
raw/openalex/HR01_page_0111.json	268833
raw/openalex/HR01_page_0112.json	328174
raw/openalex/HR01_page_0113.json	328543
raw/openalex/HR01_page_0114.json	329669
raw/openalex/HR01_page_0115.json	352976
raw/openalex/HR01_page_0116.json	346168
raw/openalex/HR01_page_0117.json	351759
raw/openalex/HR01_page_0118.json	317352
raw/openalex/HR01_page_0119.json	305886
raw/openalex/HR01_page_0120.json	318200
raw/openalex/HR01_page_0121.json	206899
raw/openalex/HR01_page_0122.json	321989
raw/openalex/HR01_page_0123.json	316060
raw/openalex/HR01_page_0124.json	322458
raw/openalex/HR01_page_0125.json	299733
raw/openalex/HR01_page_0126.json	319100
raw/openalex/HR01_page_0127.json	350042
raw/openalex/HR01_page_0128.json	327725
raw/openalex/HR01_page_0129.json	311551
raw/openalex/HR01_page_0130.json	257722
raw/openalex/HR01_page_0131.json	308120
raw/openalex/HR01_page_0132.json	272460
raw/openalex/HR01_page_0133.json	233650
raw/openalex/HR01_page_0134.json	187658
raw/openalex/HR01_page_0135.json	252530
raw/openalex/HR01_page_0136.json	268931
raw/openalex/HR01_page_0137.json	236169
raw/openalex/HR01_page_0138.json	249032
raw/openalex/HR01_page_0139.json	249161
raw/openalex/HR01_page_0140.json	255099
raw/openalex/HR01_page_0141.json	244303
raw/openalex/HR01_page_0142.json	201429
raw/openalex/HR01_page_0143.json	265765
raw/openalex/HR01_page_0144.json	220465
raw/openalex/HR01_page_0145.json	214955
raw/openalex/HR01_page_0146.json	253136
raw/openalex/HR01_page_0147.json	247262
raw/openalex/HR01_page_0148.json	242891
raw/openalex/HR01_page_0149.json	231606
raw/openalex/HR01_page_0150.json	205627
raw/openalex/HR01_page_0151.json	35052
raw/openalex/HR02_page_0001.json	238551
raw/openalex/HR02_page_0002.json	260800
raw/openalex/HR02_page_0003.json	288297
raw/openalex/HR02_page_0004.json	281509
raw/openalex/HR02_page_0005.json	290694
raw/openalex/HR02_page_0006.json	278224
raw/openalex/HR02_page_0007.json	319397
raw/openalex/HR02_page_0008.json	295174
raw/openalex/HR02_page_0009.json	298538
raw/openalex/HR02_page_0010.json	314876
raw/openalex/HR02_page_0011.json	308928
raw/openalex/HR02_page_0012.json	284805
raw/openalex/HR02_page_0013.json	324932
raw/openalex/HR02_page_0014.json	304890
raw/openalex/HR02_page_0015.json	290920
raw/openalex/HR02_page_0016.json	284651
raw/openalex/HR02_page_0017.json	287118
raw/openalex/HR02_page_0018.json	263241
raw/openalex/HR02_page_0019.json	238423
raw/openalex/HR02_page_0020.json	260466
raw/openalex/HR02_page_0021.json	221241
raw/openalex/HR02_page_0022.json	264251
raw/openalex/HR02_page_0023.json	239504
raw/openalex/HR02_page_0024.json	286401
raw/openalex/HR02_page_0025.json	252384
raw/openalex/HR02_page_0026.json	216475
raw/openalex/HR02_page_0027.json	251593
raw/openalex/HR02_page_0028.json	231468
raw/openalex/HR02_page_0029.json	276195
raw/openalex/HR02_page_0030.json	282068
raw/openalex/HR02_page_0031.json	269674
raw/openalex/HR02_page_0032.json	321140
raw/openalex/HR02_page_0033.json	286130
raw/openalex/HR02_page_0034.json	285158
raw/openalex/HR02_page_0035.json	244491
raw/openalex/HR02_page_0036.json	251231
raw/openalex/HR02_page_0037.json	246358
raw/openalex/HR02_page_0038.json	278658
raw/openalex/HR02_page_0039.json	255654
raw/openalex/HR02_page_0040.json	233032
raw/openalex/HR02_page_0041.json	193496
raw/openalex/HR02_page_0042.json	193180
raw/openalex/HR02_page_0043.json	179337
raw/openalex/HR02_page_0044.json	167414
raw/openalex/HR02_page_0045.json	165366
raw/openalex/HR02_page_0046.json	171060
raw/openalex/HR02_page_0047.json	158783
raw/openalex/HR02_page_0048.json	20890
raw/openalex/HR03_page_0001.json	224065
raw/openalex/HR03_page_0002.json	268893
raw/openalex/HR03_page_0003.json	267264
raw/openalex/HR03_page_0004.json	294992
raw/openalex/HR03_page_0005.json	246849
raw/openalex/HR03_page_0006.json	290031
raw/openalex/HR03_page_0007.json	273417
raw/openalex/HR03_page_0008.json	275040
raw/openalex/HR03_page_0009.json	295226
raw/openalex/HR03_page_0010.json	274480
raw/openalex/HR03_page_0011.json	322442
raw/openalex/HR03_page_0012.json	282615
raw/openalex/HR03_page_0013.json	324912
raw/openalex/HR03_page_0014.json	301636
raw/openalex/HR03_page_0015.json	295553
raw/openalex/HR03_page_0016.json	323985
raw/openalex/HR03_page_0017.json	313407
raw/openalex/HR03_page_0018.json	311343
raw/openalex/HR03_page_0019.json	339119
raw/openalex/HR03_page_0020.json	306395
raw/openalex/HR03_page_0021.json	341755
raw/openalex/HR03_page_0022.json	299184
raw/openalex/HR03_page_0023.json	342944
raw/openalex/HR03_page_0024.json	341151
raw/openalex/HR03_page_0025.json	323467
raw/openalex/HR03_page_0026.json	346937
raw/openalex/HR03_page_0027.json	355063
raw/openalex/HR03_page_0028.json	320291
raw/openalex/HR03_page_0029.json	353871
raw/openalex/HR03_page_0030.json	335022
raw/openalex/HR03_page_0031.json	329984
raw/openalex/HR03_page_0032.json	303091
raw/openalex/HR03_page_0033.json	336861
raw/openalex/HR03_page_0034.json	339050
raw/openalex/HR03_page_0035.json	287929
raw/openalex/HR03_page_0036.json	361517
raw/openalex/HR03_page_0037.json	361608
raw/openalex/HR03_page_0038.json	371115
raw/openalex/HR03_page_0039.json	281196
raw/openalex/HR03_page_0040.json	344825
raw/openalex/HR03_page_0041.json	375075
raw/openalex/HR03_page_0042.json	337100
raw/openalex/HR03_page_0043.json	279576
raw/openalex/HR03_page_0044.json	348397
raw/openalex/HR03_page_0045.json	382735
raw/openalex/HR03_page_0046.json	340529
raw/openalex/HR03_page_0047.json	319554
raw/openalex/HR03_page_0048.json	372740
raw/openalex/HR03_page_0049.json	350144
raw/openalex/HR03_page_0050.json	331219
raw/openalex/HR03_page_0051.json	265729
raw/openalex/HR03_page_0052.json	355898
raw/openalex/HR03_page_0053.json	388903
raw/openalex/HR03_page_0054.json	347061
raw/openalex/HR03_page_0055.json	349289
raw/openalex/HR03_page_0056.json	258411
raw/openalex/HR03_page_0057.json	322477
raw/openalex/HR03_page_0058.json	357432
raw/openalex/HR03_page_0059.json	314304
raw/openalex/HR03_page_0060.json	344566
raw/openalex/HR03_page_0061.json	221074
raw/openalex/HR03_page_0062.json	369214
raw/openalex/HR03_page_0063.json	347508
raw/openalex/HR03_page_0064.json	336298
raw/openalex/HR03_page_0065.json	333298
raw/openalex/HR03_page_0066.json	224479
raw/openalex/HR03_page_0067.json	356060
raw/openalex/HR03_page_0068.json	382381
raw/openalex/HR03_page_0069.json	348116
raw/openalex/HR03_page_0070.json	318234
raw/openalex/HR03_page_0071.json	342543
raw/openalex/HR03_page_0072.json	131062
raw/openalex/HR03_page_0073.json	254066
raw/openalex/HR03_page_0074.json	352700
raw/openalex/HR03_page_0075.json	341448
raw/openalex/HR03_page_0076.json	356789
raw/openalex/HR03_page_0077.json	321333
raw/openalex/HR03_page_0078.json	354948
raw/openalex/HR03_page_0079.json	384831
raw/openalex/HR03_page_0080.json	378240
raw/openalex/HR03_page_0081.json	367949
raw/openalex/HR03_page_0082.json	281143
raw/openalex/HR03_page_0083.json	359597
raw/openalex/HR03_page_0084.json	357030
raw/openalex/HR03_page_0085.json	402380
raw/openalex/HR03_page_0086.json	396053
raw/openalex/HR03_page_0087.json	393036
raw/openalex/HR03_page_0088.json	348627
raw/openalex/HR03_page_0089.json	403625
raw/openalex/HR03_page_0090.json	382593
raw/openalex/HR03_page_0091.json	427768
raw/openalex/HR03_page_0092.json	404742
raw/openalex/HR03_page_0093.json	365676
raw/openalex/HR03_page_0094.json	387450
raw/openalex/HR03_page_0095.json	379178
raw/openalex/HR03_page_0096.json	358489
raw/openalex/HR03_page_0097.json	376897
raw/openalex/HR03_page_0098.json	373142
raw/openalex/HR03_page_0099.json	308192
raw/openalex/HR03_page_0100.json	358093
raw/openalex/HR03_page_0101.json	386524
raw/openalex/HR03_page_0102.json	348667
raw/openalex/HR03_page_0103.json	328744
raw/openalex/HR03_page_0104.json	335754
raw/openalex/HR03_page_0105.json	364097
raw/openalex/HR03_page_0106.json	372318
raw/openalex/HR03_page_0107.json	379995
raw/openalex/HR03_page_0108.json	359957
raw/openalex/HR03_page_0109.json	287859
raw/openalex/HR03_page_0110.json	343352
raw/openalex/HR03_page_0111.json	457201
raw/openalex/HR03_page_0112.json	317652
raw/openalex/HR03_page_0113.json	296416
raw/openalex/HR03_page_0114.json	250388
raw/openalex/HR03_page_0115.json	280210
raw/openalex/HR03_page_0116.json	270239
raw/openalex/HR03_page_0117.json	257817
raw/openalex/HR03_page_0118.json	264209
raw/openalex/HR03_page_0119.json	213419
raw/openalex/HR03_page_0120.json	88455
raw/openalex/HR04_page_0001.json	209947
raw/openalex/HR04_page_0002.json	253579
raw/openalex/HR04_page_0003.json	243491
raw/openalex/HR04_page_0004.json	261426
raw/openalex/HR04_page_0005.json	272336
raw/openalex/HR04_page_0006.json	286233
raw/openalex/HR04_page_0007.json	305769
raw/openalex/HR04_page_0008.json	321017
raw/openalex/HR04_page_0009.json	248445
raw/openalex/HR04_page_0010.json	274506
raw/openalex/HR04_page_0011.json	284380
raw/openalex/HR04_page_0012.json	287932
raw/openalex/HR04_page_0013.json	329686
raw/openalex/HR04_page_0014.json	291905
raw/openalex/HR04_page_0015.json	298710
raw/openalex/HR04_page_0016.json	315574
raw/openalex/HR04_page_0017.json	295277
raw/openalex/HR04_page_0018.json	295820
raw/openalex/HR04_page_0019.json	289983
raw/openalex/HR04_page_0020.json	249126
raw/openalex/HR04_page_0021.json	309597
raw/openalex/HR04_page_0022.json	275467
raw/openalex/HR04_page_0023.json	293496
raw/openalex/HR04_page_0024.json	262254
raw/openalex/HR04_page_0025.json	295460
raw/openalex/HR04_page_0026.json	306472
raw/openalex/HR04_page_0027.json	251494
raw/openalex/HR04_page_0028.json	281523
raw/openalex/HR04_page_0029.json	245706
raw/openalex/HR04_page_0030.json	212652
raw/openalex/HR04_page_0031.json	301825
raw/openalex/HR04_page_0032.json	250094
raw/openalex/HR04_page_0033.json	259980
raw/openalex/HR04_page_0034.json	245425
raw/openalex/HR04_page_0035.json	243905
raw/openalex/HR04_page_0036.json	249540
raw/openalex/HR04_page_0037.json	265397
raw/openalex/HR04_page_0038.json	293561
raw/openalex/HR04_page_0039.json	220009
raw/openalex/HR04_page_0040.json	276864
raw/openalex/HR04_page_0041.json	290340
raw/openalex/HR04_page_0042.json	292482
raw/openalex/HR04_page_0043.json	237752
raw/openalex/HR04_page_0044.json	285268
raw/openalex/HR04_page_0045.json	297194
raw/openalex/HR04_page_0046.json	263314
raw/openalex/HR04_page_0047.json	244924
raw/openalex/HR04_page_0048.json	312915
raw/openalex/HR04_page_0049.json	295726
raw/openalex/HR04_page_0050.json	257803
raw/openalex/HR04_page_0051.json	304159
raw/openalex/HR04_page_0052.json	310217
raw/openalex/HR04_page_0053.json	327250
raw/openalex/HR04_page_0054.json	307097
raw/openalex/HR04_page_0055.json	268798
raw/openalex/HR04_page_0056.json	300908
raw/openalex/HR04_page_0057.json	327371
raw/openalex/HR04_page_0058.json	295110
raw/openalex/HR04_page_0059.json	291239
raw/openalex/HR04_page_0060.json	261718
raw/openalex/HR04_page_0061.json	273359
raw/openalex/HR04_page_0062.json	227772
raw/openalex/HR04_page_0063.json	314687
raw/openalex/HR04_page_0064.json	255615
raw/openalex/HR04_page_0065.json	255754
raw/openalex/HR04_page_0066.json	280741
raw/openalex/HR04_page_0067.json	322009
raw/openalex/HR04_page_0068.json	304875
raw/openalex/HR04_page_0069.json	301119
raw/openalex/HR04_page_0070.json	240276
raw/openalex/HR04_page_0071.json	261981
raw/openalex/HR04_page_0072.json	262048
raw/openalex/HR04_page_0073.json	313819
raw/openalex/HR04_page_0074.json	272913
raw/openalex/HR04_page_0075.json	214297
raw/openalex/HR04_page_0076.json	206248
raw/openalex/HR04_page_0077.json	208329
raw/openalex/HR04_page_0078.json	273443
raw/openalex/HR04_page_0079.json	233257
raw/openalex/HR04_page_0080.json	226835
raw/openalex/HR04_page_0081.json	201571
raw/openalex/HR04_page_0082.json	240864
raw/openalex/HR04_page_0083.json	222639
raw/openalex/HR04_page_0084.json	227761
raw/openalex/HR04_page_0085.json	214993
raw/openalex/HR04_page_0086.json	207125
raw/openalex/HR04_page_0087.json	2104
raw/openalex/HR05_page_0001.json	233564
raw/openalex/HR05_page_0002.json	239671
raw/openalex/HR05_page_0003.json	277030
raw/openalex/HR05_page_0004.json	272089
raw/openalex/HR05_page_0005.json	269180
raw/openalex/HR05_page_0006.json	281864
raw/openalex/HR05_page_0007.json	278636
raw/openalex/HR05_page_0008.json	269988
raw/openalex/HR05_page_0009.json	277037
raw/openalex/HR05_page_0010.json	285626
raw/openalex/HR05_page_0011.json	278850
raw/openalex/HR05_page_0012.json	309102
raw/openalex/HR05_page_0013.json	274677
raw/openalex/HR05_page_0014.json	287158
raw/openalex/HR05_page_0015.json	275634
raw/openalex/HR05_page_0016.json	280540
raw/openalex/HR05_page_0017.json	286839
raw/openalex/HR05_page_0018.json	293764
raw/openalex/HR05_page_0019.json	250771
raw/openalex/HR05_page_0020.json	297418
raw/openalex/HR05_page_0021.json	301517
raw/openalex/HR05_page_0022.json	268873
raw/openalex/HR05_page_0023.json	286685
raw/openalex/HR05_page_0024.json	304952
raw/openalex/HR05_page_0025.json	313113
raw/openalex/HR05_page_0026.json	285895
raw/openalex/HR05_page_0027.json	321377
raw/openalex/HR05_page_0028.json	300477
raw/openalex/HR05_page_0029.json	297997
raw/openalex/HR05_page_0030.json	256591
raw/openalex/HR05_page_0031.json	323418
raw/openalex/HR05_page_0032.json	298718
raw/openalex/HR05_page_0033.json	287783
raw/openalex/HR05_page_0034.json	315302
raw/openalex/HR05_page_0035.json	301213
raw/openalex/HR05_page_0036.json	282844
raw/openalex/HR05_page_0037.json	289544
raw/openalex/HR05_page_0038.json	318154
raw/openalex/HR05_page_0039.json	328294
raw/openalex/HR05_page_0040.json	272809
raw/openalex/HR05_page_0041.json	255193
raw/openalex/HR05_page_0042.json	350336
raw/openalex/HR05_page_0043.json	324188
raw/openalex/HR05_page_0044.json	322219
raw/openalex/HR05_page_0045.json	329163
raw/openalex/HR05_page_0046.json	321193
raw/openalex/HR05_page_0047.json	273920
raw/openalex/HR05_page_0048.json	304253
raw/openalex/HR05_page_0049.json	315945
raw/openalex/HR05_page_0050.json	312778
raw/openalex/HR05_page_0051.json	319046
raw/openalex/HR05_page_0052.json	318918
raw/openalex/HR05_page_0053.json	306912
raw/openalex/HR05_page_0054.json	273939
raw/openalex/HR05_page_0055.json	277931
raw/openalex/HR05_page_0056.json	320404
raw/openalex/HR05_page_0057.json	313054
raw/openalex/HR05_page_0058.json	333581
raw/openalex/HR05_page_0059.json	319021
raw/openalex/HR05_page_0060.json	324245
raw/openalex/HR05_page_0061.json	290403
raw/openalex/HR05_page_0062.json	282964
raw/openalex/HR05_page_0063.json	309312
raw/openalex/HR05_page_0064.json	317443
raw/openalex/HR05_page_0065.json	301608
raw/openalex/HR05_page_0066.json	315573
raw/openalex/HR05_page_0067.json	348172
raw/openalex/HR05_page_0068.json	320112
raw/openalex/HR05_page_0069.json	291511
raw/openalex/HR05_page_0070.json	299596
raw/openalex/HR05_page_0071.json	279831
raw/openalex/HR05_page_0072.json	320108
raw/openalex/HR05_page_0073.json	317607
raw/openalex/HR05_page_0074.json	337370
raw/openalex/HR05_page_0075.json	338160
raw/openalex/HR05_page_0076.json	318102
raw/openalex/HR05_page_0077.json	328482
raw/openalex/HR05_page_0078.json	330676
raw/openalex/HR05_page_0079.json	309618
raw/openalex/HR05_page_0080.json	270321
raw/openalex/HR05_page_0081.json	197856
raw/openalex/HR05_page_0082.json	382659
raw/openalex/HR05_page_0083.json	323821
raw/openalex/HR05_page_0084.json	304533
raw/openalex/HR05_page_0085.json	309991
raw/openalex/HR05_page_0086.json	345243
raw/openalex/HR05_page_0087.json	309970
raw/openalex/HR05_page_0088.json	356016
raw/openalex/HR05_page_0089.json	291732
raw/openalex/HR05_page_0090.json	331930
raw/openalex/HR05_page_0091.json	304876
raw/openalex/HR05_page_0092.json	210112
raw/openalex/HR05_page_0093.json	317885
raw/openalex/HR05_page_0094.json	325468
raw/openalex/HR05_page_0095.json	324628
raw/openalex/HR05_page_0096.json	340600
raw/openalex/HR05_page_0097.json	340239
raw/openalex/HR05_page_0098.json	318835
raw/openalex/HR05_page_0099.json	323689
raw/openalex/HR05_page_0100.json	297003
raw/openalex/HR05_page_0101.json	345365
raw/openalex/HR05_page_0102.json	328617
raw/openalex/HR05_page_0103.json	230934
raw/openalex/HR05_page_0104.json	301979
raw/openalex/HR05_page_0105.json	327892
raw/openalex/HR05_page_0106.json	329702
raw/openalex/HR05_page_0107.json	332328
raw/openalex/HR05_page_0108.json	316598
raw/openalex/HR05_page_0109.json	322399
raw/openalex/HR05_page_0110.json	342095
raw/openalex/HR05_page_0111.json	340316
raw/openalex/HR05_page_0112.json	338521
raw/openalex/HR05_page_0113.json	305831
raw/openalex/HR05_page_0114.json	321175
raw/openalex/HR05_page_0115.json	284135
raw/openalex/HR05_page_0116.json	186010
raw/openalex/HR05_page_0117.json	285127
raw/openalex/HR05_page_0118.json	320468
raw/openalex/HR05_page_0119.json	309554
raw/openalex/HR05_page_0120.json	350539
raw/openalex/HR05_page_0121.json	331608
raw/openalex/HR05_page_0122.json	362223
raw/openalex/HR05_page_0123.json	309378
raw/openalex/HR05_page_0124.json	336303
raw/openalex/HR05_page_0125.json	318196
raw/openalex/HR05_page_0126.json	325974
raw/openalex/HR05_page_0127.json	302029
raw/openalex/HR05_page_0128.json	311501
raw/openalex/HR05_page_0129.json	198125
raw/openalex/HR05_page_0130.json	295938
raw/openalex/HR05_page_0131.json	339901
raw/openalex/HR05_page_0132.json	326920
raw/openalex/HR05_page_0133.json	322637
raw/openalex/HR05_page_0134.json	326068
raw/openalex/HR05_page_0135.json	358534
raw/openalex/HR05_page_0136.json	294556
raw/openalex/HR05_page_0137.json	323568
raw/openalex/HR05_page_0138.json	342278
raw/openalex/HR05_page_0139.json	325943
raw/openalex/HR05_page_0140.json	348836
raw/openalex/HR05_page_0141.json	305179
raw/openalex/HR05_page_0142.json	306752
raw/openalex/HR05_page_0143.json	223857
raw/openalex/HR05_page_0144.json	203301
raw/openalex/HR05_page_0145.json	309462
raw/openalex/HR05_page_0146.json	345953
raw/openalex/HR05_page_0147.json	333520
raw/openalex/HR05_page_0148.json	328286
raw/openalex/HR05_page_0149.json	300647
raw/openalex/HR05_page_0150.json	320725
raw/openalex/HR05_page_0151.json	326886
raw/openalex/HR05_page_0152.json	303784
raw/openalex/HR05_page_0153.json	349858
raw/openalex/HR05_page_0154.json	319054
raw/openalex/HR05_page_0155.json	331768
raw/openalex/HR05_page_0156.json	316990
raw/openalex/HR05_page_0157.json	331330
raw/openalex/HR05_page_0158.json	313427
raw/openalex/HR05_page_0159.json	251669
raw/openalex/HR05_page_0160.json	205769
raw/openalex/HR05_page_0161.json	309721
raw/openalex/HR05_page_0162.json	315441
raw/openalex/HR05_page_0163.json	315202
raw/openalex/HR05_page_0164.json	362336
raw/openalex/HR05_page_0165.json	314615
raw/openalex/HR05_page_0166.json	337478
raw/openalex/HR05_page_0167.json	316230
raw/openalex/HR05_page_0168.json	288400
raw/openalex/HR05_page_0169.json	317040
raw/openalex/HR05_page_0170.json	331011
raw/openalex/HR05_page_0171.json	288043
raw/openalex/HR05_page_0172.json	319152
raw/openalex/HR05_page_0173.json	337463
raw/openalex/HR05_page_0174.json	285211
raw/openalex/HR05_page_0175.json	201143
raw/openalex/HR05_page_0176.json	185882
raw/openalex/HR05_page_0177.json	195298
raw/openalex/HR05_page_0178.json	326510
raw/openalex/HR05_page_0179.json	327143
raw/openalex/HR05_page_0180.json	332941
raw/openalex/HR05_page_0181.json	318628
raw/openalex/HR05_page_0182.json	329798
raw/openalex/HR05_page_0183.json	335099
raw/openalex/HR05_page_0184.json	262819
raw/openalex/HR05_page_0185.json	337044
raw/openalex/HR05_page_0186.json	340026
raw/openalex/HR05_page_0187.json	315168
raw/openalex/HR05_page_0188.json	320860
raw/openalex/HR05_page_0189.json	256966
raw/openalex/HR05_page_0190.json	286130
raw/openalex/HR05_page_0191.json	294343
raw/openalex/HR05_page_0192.json	323866
raw/openalex/HR05_page_0193.json	266912
raw/openalex/HR05_page_0194.json	232332
raw/openalex/HR05_page_0195.json	343875
raw/openalex/HR05_page_0196.json	379347
raw/openalex/HR05_page_0197.json	328018
raw/openalex/HR05_page_0198.json	318784
raw/openalex/HR05_page_0199.json	345286
raw/openalex/HR05_page_0200.json	324834
raw/openalex/HR05_page_0201.json	333578
raw/openalex/HR05_page_0202.json	298898
raw/openalex/HR05_page_0203.json	325767
raw/openalex/HR05_page_0204.json	321493
raw/openalex/HR05_page_0205.json	318171
raw/openalex/HR05_page_0206.json	321197
raw/openalex/HR05_page_0207.json	310983
raw/openalex/HR05_page_0208.json	292790
raw/openalex/HR05_page_0209.json	352092
raw/openalex/HR05_page_0210.json	304253
raw/openalex/HR05_page_0211.json	233135
raw/openalex/HR05_page_0212.json	241620
raw/openalex/HR05_page_0213.json	345213
raw/openalex/HR05_page_0214.json	347958
raw/openalex/HR05_page_0215.json	363496
raw/openalex/HR05_page_0216.json	314275
raw/openalex/HR05_page_0217.json	312512
raw/openalex/HR05_page_0218.json	350540
raw/openalex/HR05_page_0219.json	330250
raw/openalex/HR05_page_0220.json	351931
raw/openalex/HR05_page_0221.json	340326
raw/openalex/HR05_page_0222.json	319117
raw/openalex/HR05_page_0223.json	311369
raw/openalex/HR05_page_0224.json	323535
raw/openalex/HR05_page_0225.json	332638
raw/openalex/HR05_page_0226.json	341000
raw/openalex/HR05_page_0227.json	328960
raw/openalex/HR05_page_0228.json	329425
raw/openalex/HR05_page_0229.json	324017
raw/openalex/HR05_page_0230.json	355734
raw/openalex/HR05_page_0231.json	281221
raw/openalex/HR05_page_0232.json	242526
raw/openalex/HR05_page_0233.json	322486
raw/openalex/HR05_page_0234.json	355103
raw/openalex/HR05_page_0235.json	352143
raw/openalex/HR05_page_0236.json	334883
raw/openalex/HR05_page_0237.json	339542
raw/openalex/HR05_page_0238.json	342991
raw/openalex/HR05_page_0239.json	363858
raw/openalex/HR05_page_0240.json	342271
raw/openalex/HR05_page_0241.json	327341
raw/openalex/HR05_page_0242.json	381814
raw/openalex/HR05_page_0243.json	330676
raw/openalex/HR05_page_0244.json	378268
raw/openalex/HR05_page_0245.json	373716
raw/openalex/HR05_page_0246.json	363188
raw/openalex/HR05_page_0247.json	358634
raw/openalex/HR05_page_0248.json	343254
raw/openalex/HR05_page_0249.json	315826
raw/openalex/HR05_page_0250.json	344585
raw/openalex/HR05_page_0251.json	291212
raw/openalex/HR05_page_0252.json	199510
raw/openalex/HR05_page_0253.json	343646
raw/openalex/HR05_page_0254.json	329369
raw/openalex/HR05_page_0255.json	330706
raw/openalex/HR05_page_0256.json	362757
raw/openalex/HR05_page_0257.json	353167
raw/openalex/HR05_page_0258.json	351126
raw/openalex/HR05_page_0259.json	314733
raw/openalex/HR05_page_0260.json	311697
raw/openalex/HR05_page_0261.json	355262
raw/openalex/HR05_page_0262.json	338535
raw/openalex/HR05_page_0263.json	347961
raw/openalex/HR05_page_0264.json	319177
raw/openalex/HR05_page_0265.json	367808
raw/openalex/HR05_page_0266.json	348155
raw/openalex/HR05_page_0267.json	310118
raw/openalex/HR05_page_0268.json	332345
raw/openalex/HR05_page_0269.json	334322
raw/openalex/HR05_page_0270.json	307394
raw/openalex/HR05_page_0271.json	189914
raw/openalex/HR05_page_0272.json	350782
raw/openalex/HR05_page_0273.json	348497
raw/openalex/HR05_page_0274.json	317740
raw/openalex/HR05_page_0275.json	287659
raw/openalex/HR05_page_0276.json	307754
raw/openalex/HR05_page_0277.json	312072
raw/openalex/HR05_page_0278.json	335981
raw/openalex/HR05_page_0279.json	344668
raw/openalex/HR05_page_0280.json	333801
raw/openalex/HR05_page_0281.json	385902
raw/openalex/HR05_page_0282.json	354140
raw/openalex/HR05_page_0283.json	353860
raw/openalex/HR05_page_0284.json	334489
raw/openalex/HR05_page_0285.json	319924
raw/openalex/HR05_page_0286.json	297442
raw/openalex/HR05_page_0287.json	333166
raw/openalex/HR05_page_0288.json	333834
raw/openalex/HR05_page_0289.json	288065
raw/openalex/HR05_page_0290.json	259281
raw/openalex/HR05_page_0291.json	326724
raw/openalex/HR05_page_0292.json	316488
raw/openalex/HR05_page_0293.json	312701
raw/openalex/HR05_page_0294.json	311814
raw/openalex/HR05_page_0295.json	395170
raw/openalex/HR05_page_0296.json	313451
raw/openalex/HR05_page_0297.json	334875
raw/openalex/HR05_page_0298.json	326402
raw/openalex/HR05_page_0299.json	315512
raw/openalex/HR05_page_0300.json	377715
raw/openalex/HR05_page_0301.json	333554
raw/openalex/HR05_page_0302.json	326288
raw/openalex/HR05_page_0303.json	327390
raw/openalex/HR05_page_0304.json	337063
raw/openalex/HR05_page_0305.json	326954
raw/openalex/HR05_page_0306.json	343695
raw/openalex/HR05_page_0307.json	319535
raw/openalex/HR05_page_0308.json	282939
raw/openalex/HR05_page_0309.json	228041
raw/openalex/HR05_page_0310.json	199540
raw/openalex/HR05_page_0311.json	326969
raw/openalex/HR05_page_0312.json	322531
raw/openalex/HR05_page_0313.json	302630
raw/openalex/HR05_page_0314.json	313035
raw/openalex/HR05_page_0315.json	346824
raw/openalex/HR05_page_0316.json	329802
raw/openalex/HR05_page_0317.json	326522
raw/openalex/HR05_page_0318.json	309305
raw/openalex/HR05_page_0319.json	370898
raw/openalex/HR05_page_0320.json	320879
raw/openalex/HR05_page_0321.json	315488
raw/openalex/HR05_page_0322.json	323196
raw/openalex/HR05_page_0323.json	327682
raw/openalex/HR05_page_0324.json	302669
raw/openalex/HR05_page_0325.json	305263
raw/openalex/HR05_page_0326.json	265360
raw/openalex/HR05_page_0327.json	257432
raw/openalex/HR05_page_0328.json	298594
raw/openalex/HR05_page_0329.json	214650
raw/openalex/HR05_page_0330.json	231411
raw/openalex/HR05_page_0331.json	238261
raw/openalex/HR05_page_0332.json	232449
raw/openalex/HR05_page_0333.json	215175
raw/openalex/HR05_page_0334.json	224570
raw/openalex/HR05_page_0335.json	244852
raw/openalex/HR05_page_0336.json	203330
raw/openalex/HR05_page_0337.json	212036
raw/openalex/HR05_page_0338.json	205662
raw/openalex/HR05_page_0339.json	213491
raw/openalex/HR05_page_0340.json	281305
raw/openalex/HR05_page_0341.json	258296
raw/openalex/HR05_page_0342.json	232904
raw/openalex/HR05_page_0343.json	235407
raw/openalex/HR05_page_0344.json	228003
raw/openalex/HR05_page_0345.json	211070
raw/openalex/HR05_page_0346.json	228329
raw/openalex/HR05_page_0347.json	217774
raw/openalex/HR05_page_0348.json	226497
raw/openalex/HR05_page_0349.json	222332
raw/openalex/HR05_page_0350.json	212867
raw/openalex/HR05_page_0351.json	277417
raw/openalex/HR05_page_0352.json	194542
raw/openalex/HR05_page_0353.json	241754
raw/openalex/HR05_page_0354.json	235176
raw/openalex/HR05_page_0355.json	231435
raw/openalex/HR05_page_0356.json	239525
raw/openalex/HR05_page_0357.json	221418
raw/openalex/HR05_page_0358.json	240411
raw/openalex/HR05_page_0359.json	216105
raw/openalex/HR05_page_0360.json	210055
raw/openalex/HR05_page_0361.json	215164
raw/openalex/HR05_page_0362.json	232471
raw/openalex/HR05_page_0363.json	155874
raw/openalex/HR05_page_0364.json	201845
raw/openalex/HR05_page_0365.json	242705
raw/openalex/HR05_page_0366.json	225556
raw/openalex/HR05_page_0367.json	220858
raw/openalex/HR05_page_0368.json	190800
raw/openalex/HR05_page_0369.json	225255
raw/openalex/HR05_page_0370.json	208245
raw/openalex/HR05_page_0371.json	192328
raw/openalex/HR05_page_0372.json	244648
raw/openalex/HR05_page_0373.json	247371
raw/openalex/HR05_page_0374.json	198988
raw/openalex/HR05_page_0375.json	226615
raw/openalex/HR05_page_0376.json	186105
raw/openalex/HR05_page_0377.json	183383
raw/openalex/HR05_page_0378.json	201190
raw/openalex/HR05_page_0379.json	62385
raw/pubmed/HR01_esearch.json	97989
raw/pubmed/HR01_esummary_0001.json	367502
raw/pubmed/HR01_esummary_0002.json	408696
raw/pubmed/HR01_esummary_0003.json	415952
raw/pubmed/HR01_esummary_0004.json	418107
raw/pubmed/HR01_esummary_0005.json	419780
raw/pubmed/HR01_esummary_0006.json	446951
raw/pubmed/HR01_esummary_0007.json	432981
raw/pubmed/HR01_esummary_0008.json	431474
raw/pubmed/HR01_esummary_0009.json	421473
raw/pubmed/HR01_esummary_0010.json	432680
raw/pubmed/HR01_esummary_0011.json	431054
raw/pubmed/HR01_esummary_0012.json	431729
raw/pubmed/HR01_esummary_0013.json	427827
raw/pubmed/HR01_esummary_0014.json	424385
raw/pubmed/HR01_esummary_0015.json	431972
raw/pubmed/HR01_esummary_0016.json	440697
raw/pubmed/HR01_esummary_0017.json	422513
raw/pubmed/HR01_esummary_0018.json	424379
raw/pubmed/HR01_esummary_0019.json	431164
raw/pubmed/HR01_esummary_0020.json	442269
raw/pubmed/HR01_esummary_0021.json	428768
raw/pubmed/HR01_esummary_0022.json	431866
raw/pubmed/HR01_esummary_0023.json	438295
raw/pubmed/HR01_esummary_0024.json	438916
raw/pubmed/HR01_esummary_0025.json	436540
raw/pubmed/HR01_esummary_0026.json	435698
raw/pubmed/HR01_esummary_0027.json	436594
raw/pubmed/HR01_esummary_0028.json	443791
raw/pubmed/HR01_esummary_0029.json	441324
raw/pubmed/HR01_esummary_0030.json	437146
raw/pubmed/HR01_esummary_0031.json	438379
raw/pubmed/HR01_esummary_0032.json	435380
raw/pubmed/HR01_esummary_0033.json	447371
raw/pubmed/HR01_esummary_0034.json	439684
raw/pubmed/HR01_esummary_0035.json	436498
raw/pubmed/HR01_esummary_0036.json	435328
raw/pubmed/HR01_esummary_0037.json	432284
raw/pubmed/HR01_esummary_0038.json	430554
raw/pubmed/HR01_esummary_0039.json	438919
raw/pubmed/HR01_esummary_0040.json	432326
raw/pubmed/HR01_esummary_0041.json	440137
raw/pubmed/HR01_esummary_0042.json	439691
raw/pubmed/HR01_esummary_0043.json	434313
raw/pubmed/HR01_esummary_0044.json	434783
raw/pubmed/HR01_esummary_0045.json	31612
raw/pubmed/HR02_esearch.json	18599
raw/pubmed/HR02_esummary_0001.json	330128
raw/pubmed/HR02_esummary_0002.json	341916
raw/pubmed/HR02_esummary_0003.json	366304
raw/pubmed/HR02_esummary_0004.json	386106
raw/pubmed/HR02_esummary_0005.json	396604
raw/pubmed/HR02_esummary_0006.json	405226
raw/pubmed/HR02_esummary_0007.json	421031
raw/pubmed/HR02_esummary_0008.json	423903
raw/pubmed/HR02_esummary_0009.json	49639
raw/pubmed/HR03_esearch.json	103992
raw/pubmed/HR03_esummary_0001.json	321640
raw/pubmed/HR03_esummary_0002.json	321072
raw/pubmed/HR03_esummary_0003.json	332766
raw/pubmed/HR03_esummary_0004.json	336319
raw/pubmed/HR03_esummary_0005.json	350839
raw/pubmed/HR03_esummary_0006.json	369222
raw/pubmed/HR03_esummary_0007.json	357202
raw/pubmed/HR03_esummary_0008.json	358288
raw/pubmed/HR03_esummary_0009.json	370572
raw/pubmed/HR03_esummary_0010.json	371140
raw/pubmed/HR03_esummary_0011.json	375995
raw/pubmed/HR03_esummary_0012.json	378854
raw/pubmed/HR03_esummary_0013.json	396528
raw/pubmed/HR03_esummary_0014.json	367862
raw/pubmed/HR03_esummary_0015.json	393362
raw/pubmed/HR03_esummary_0016.json	392629
raw/pubmed/HR03_esummary_0017.json	398376
raw/pubmed/HR03_esummary_0018.json	392444
raw/pubmed/HR03_esummary_0019.json	385954
raw/pubmed/HR03_esummary_0020.json	392383
raw/pubmed/HR03_esummary_0021.json	408193
raw/pubmed/HR03_esummary_0022.json	401363
raw/pubmed/HR03_esummary_0023.json	399909
raw/pubmed/HR03_esummary_0024.json	397412
raw/pubmed/HR03_esummary_0025.json	394583
raw/pubmed/HR03_esummary_0026.json	394402
raw/pubmed/HR03_esummary_0027.json	409519
raw/pubmed/HR03_esummary_0028.json	401066
raw/pubmed/HR03_esummary_0029.json	403928
raw/pubmed/HR03_esummary_0030.json	397027
raw/pubmed/HR03_esummary_0031.json	398684
raw/pubmed/HR03_esummary_0032.json	409902
raw/pubmed/HR03_esummary_0033.json	408759
raw/pubmed/HR03_esummary_0034.json	411327
raw/pubmed/HR03_esummary_0035.json	406269
raw/pubmed/HR03_esummary_0036.json	397105
raw/pubmed/HR03_esummary_0037.json	421742
raw/pubmed/HR03_esummary_0038.json	407332
raw/pubmed/HR03_esummary_0039.json	422147
raw/pubmed/HR03_esummary_0040.json	420318
raw/pubmed/HR03_esummary_0041.json	413803
raw/pubmed/HR03_esummary_0042.json	416409
raw/pubmed/HR03_esummary_0043.json	416085
raw/pubmed/HR03_esummary_0044.json	418819
raw/pubmed/HR03_esummary_0045.json	411329
raw/pubmed/HR03_esummary_0046.json	419257
raw/pubmed/HR03_esummary_0047.json	426527
raw/pubmed/HR03_esummary_0048.json	62579
raw/pubmed/HR04_esearch.json	30885
raw/pubmed/HR04_esummary_0001.json	329933
raw/pubmed/HR04_esummary_0002.json	350754
raw/pubmed/HR04_esummary_0003.json	373778
raw/pubmed/HR04_esummary_0004.json	403022
raw/pubmed/HR04_esummary_0005.json	409899
raw/pubmed/HR04_esummary_0006.json	424183
raw/pubmed/HR04_esummary_0007.json	419674
raw/pubmed/HR04_esummary_0008.json	443550
raw/pubmed/HR04_esummary_0009.json	440668
raw/pubmed/HR04_esummary_0010.json	443571
raw/pubmed/HR04_esummary_0011.json	454308
raw/pubmed/HR04_esummary_0012.json	446599
raw/pubmed/HR04_esummary_0013.json	450631
raw/pubmed/HR04_esummary_0014.json	318898
raw/pubmed/HR05_edat_10000101_20000701_count.json	78
raw/pubmed/HR05_edat_10000101_20000701_esearch.json	4268
raw/pubmed/HR05_edat_20000702_20160218_count.json	79
raw/pubmed/HR05_edat_20000702_20160218_esearch.json	48533
raw/pubmed/HR05_edat_20000702_20311007_count.json	80
raw/pubmed/HR05_edat_20000702_20630112_count.json	80
raw/pubmed/HR05_edat_20000702_21250725_count.json	80
raw/pubmed/HR05_edat_20000702_22500817_count.json	80
raw/pubmed/HR05_edat_20000702_25001001_count.json	80
raw/pubmed/HR05_edat_20000702_30001231_count.json	80
raw/pubmed/HR05_edat_20160219_20311007_count.json	79
raw/pubmed/HR05_edat_20160219_20311007_esearch.json	88452
raw/pubmed/HR05_edat_20311008_20630112_count.json	76
raw/pubmed/HR05_edat_20311008_20630112_esearch.json	762
raw/pubmed/HR05_edat_20630113_21250725_count.json	76
raw/pubmed/HR05_edat_20630113_21250725_esearch.json	762
raw/pubmed/HR05_edat_21250726_22500817_count.json	76
raw/pubmed/HR05_edat_21250726_22500817_esearch.json	762
raw/pubmed/HR05_edat_22500818_25001001_count.json	76
raw/pubmed/HR05_edat_22500818_25001001_esearch.json	762
raw/pubmed/HR05_edat_25001002_30001231_count.json	76
raw/pubmed/HR05_edat_25001002_30001231_esearch.json	762
raw/pubmed/HR05_edat_envelope_count.json	80
raw/pubmed/HR05_edat_partition_metadata.json	3112
raw/pubmed/HR05_esearch.json	110699
raw/pubmed/HR05_esummary_0001.json	347466
raw/pubmed/HR05_esummary_0002.json	343375
raw/pubmed/HR05_esummary_0003.json	352857
raw/pubmed/HR05_esummary_0004.json	362597
raw/pubmed/HR05_esummary_0005.json	368703
raw/pubmed/HR05_esummary_0006.json	382814
raw/pubmed/HR05_esummary_0007.json	385697
raw/pubmed/HR05_esummary_0008.json	388529
raw/pubmed/HR05_esummary_0009.json	389729
raw/pubmed/HR05_esummary_0010.json	391493
raw/pubmed/HR05_esummary_0011.json	392549
raw/pubmed/HR05_esummary_0012.json	362793
raw/pubmed/HR05_esummary_0013.json	402913
raw/pubmed/HR05_esummary_0014.json	411815
raw/pubmed/HR05_esummary_0015.json	401325
raw/pubmed/HR05_esummary_0016.json	414516
raw/pubmed/HR05_esummary_0017.json	409155
raw/pubmed/HR05_esummary_0018.json	400620
raw/pubmed/HR05_esummary_0019.json	405182
raw/pubmed/HR05_esummary_0020.json	415070
raw/pubmed/HR05_esummary_0021.json	426651
raw/pubmed/HR05_esummary_0022.json	415104
raw/pubmed/HR05_esummary_0023.json	414981
raw/pubmed/HR05_esummary_0024.json	401218
raw/pubmed/HR05_esummary_0025.json	458838
raw/pubmed/HR05_esummary_0026.json	420549
raw/pubmed/HR05_esummary_0027.json	402626
raw/pubmed/HR05_esummary_0028.json	417332
raw/pubmed/HR05_esummary_0029.json	405503
raw/pubmed/HR05_esummary_0030.json	422098
raw/pubmed/HR05_esummary_0031.json	422736
raw/pubmed/HR05_esummary_0032.json	411854
raw/pubmed/HR05_esummary_0033.json	423521
raw/pubmed/HR05_esummary_0034.json	425267
raw/pubmed/HR05_esummary_0035.json	424971
raw/pubmed/HR05_esummary_0036.json	417325
raw/pubmed/HR05_esummary_0037.json	427171
raw/pubmed/HR05_esummary_0038.json	416185
raw/pubmed/HR05_esummary_0039.json	430837
raw/pubmed/HR05_esummary_0040.json	422777
raw/pubmed/HR05_esummary_0041.json	436509
raw/pubmed/HR05_esummary_0042.json	412704
raw/pubmed/HR05_esummary_0043.json	399061
raw/pubmed/HR05_esummary_0044.json	424466
raw/pubmed/HR05_esummary_0045.json	435542
raw/pubmed/HR05_esummary_0046.json	434602
raw/pubmed/HR05_esummary_0047.json	427383
raw/pubmed/HR05_esummary_0048.json	433743
raw/pubmed/HR05_esummary_0049.json	424498
raw/pubmed/HR05_esummary_0050.json	430664
raw/pubmed/HR05_esummary_0051.json	440706
raw/pubmed/HR05_esummary_0052.json	443126
raw/pubmed/HR05_esummary_0053.json	430702
raw/pubmed/HR05_esummary_0054.json	427982
raw/pubmed/HR05_esummary_0055.json	428814
raw/pubmed/HR05_esummary_0056.json	437187
raw/pubmed/HR05_esummary_0057.json	424643
raw/pubmed/HR05_esummary_0058.json	425530
raw/pubmed/HR05_esummary_0059.json	440903
raw/pubmed/HR05_esummary_0060.json	430796
raw/pubmed/HR05_esummary_0061.json	445981
raw/pubmed/HR05_esummary_0062.json	433827
raw/pubmed/HR05_esummary_0063.json	434841
raw/pubmed/HR05_esummary_0064.json	112817
retrieval_manifest.json	1128
search_counts.tsv	934
